t,p
0,0.1889210016
1,0.1909104071
2,0.194432674
3,0.1991781068
4,0.2048819716
5,0.2113189017
6,0.2182977334
7,0.2256570258
8,0.2332611581
9,0.2409969334
10,0.2487704148
11,0.2565043809
12,0.264135964
13,0.2716146094
14,0.2789003128
15,0.2859620645
16,0.2927765145
17,0.2993267764
18,0.305601417
19,0.3115935763
20,0.3173001936
21,0.3227213497
22,0.3278593241
23,0.332781579
24,0.3377674196
25,0.3430719403
26,0.3488714562
27,0.355278794
28,0.3623566294
29,0.3701282897
30,0.3785866755
31,0.3877017605
32,0.3974267363
33,0.4077030269
34,0.4184643552
35,0.4296400024
36,0.4411574027
37,0.4529441723
38,0.4649296727
39,0.4770461842
40,0.489229759
41,0.5014208133
42,0.5135645047
43,0.52561094
44,0.5375151067
45,0.5492402441
46,0.560787676
47,0.572212441
48,0.5836049613
49,0.5950742203
50,0.6067352484
51,0.6187000545
52,0.6310712986
53,0.643938116
54,0.6573736262
55,0.6714337271
56,0.686156854
57,0.7015644421
58,0.7176618879
59,0.7344398396
60,0.7518756924
61,0.7699351846
62,0.7885740222
63,0.807739478
64,0.8273719253
65,0.8474062858
66,0.867773364
67,0.8884011644
68,0.9092190677
69,0.9301667831
70,0.9512011793
71,0.9722986351
72,0.9934540432
73,1.014677427
74,1.035988868
75,1.057412204
76,1.078967777
77,1.100664357
78,1.122490265
79,1.144403652
80,1.166321898
81,1.188110209
82,1.209569704
83,1.230425689
84,1.250317402
85,1.268791255
86,1.285300301
87,1.299213192
88,1.309837237
89,1.316454341
90,1.318372449
91,1.314984703
92,1.305827509
93,1.290625713
94,1.269318926
95,1.242068025
96,1.209239542
97,1.17137432
98,1.129149371
99,1.08333159
100,1.034735905
101,0.9841868766
102,0.9324863914
103,0.8803880596
104,0.828578606
105,0.7776662872
106,0.7281753459
107,0.6805460602
108,0.6351397176
109,0.5922478609
110,0.5521057597
111,0.514909645
112,0.4808382601
113,0.450079257
114,0.4228644503
115,0.3995130373
116,0.3804959652
117,0.3665176873
118,0.3586237017
119,0.3583175062
120,0.3676324419
121,0.389016974
122,0.4247919713
123,0.4759964368
124,0.5409757902
125,0.6148564075
126,0.6908142055
127,0.7623708223
128,0.8250181793
129,0.8765030012
130,0.9162950094
131,0.9449020832
132,0.963362092
133,0.9729283037
134,0.9749062559
135,0.9705751848
136,0.9611623328
137,0.9478431395
138,0.9317620749
139,0.914067888
140,0.8959668047
141,0.8787918294
142,0.8640873682
143,0.8536808648
144,0.8496905696
145,0.8543623301
146,0.8696329007
147,0.8964059828
148,0.9336473347
149,0.9775523109
150,1.021676551
151,1.059126999
152,1.085697354
153,1.101081848
154,1.107692075
155,1.108921287
156,1.108036313
157,1.107714587
158,1.10990924
159,1.115828144
160,1.125947396
161,1.140066493
162,1.157438556
163,1.176958797
164,1.197409351
165,1.217675391
166,1.236856518
167,1.254188511
168,1.268683856
169,1.278474152
170,1.280182574
171,1.269455985
172,1.243670813
173,1.204577427
174,1.157311907
175,1.107317502
176,1.058558365
177,1.013286278
178,0.972352928
179,0.9355679043
180,0.9020192812
181,0.870393868
182,0.8392989733
183,0.8075647486
184,0.7744636942
185,0.7397968746
186,0.7038231176
187,0.6670935055
188,0.6302692768
189,0.5939937116
190,0.5588515972
191,0.5254223799
192,0.4944211421
193,0.4669017937
194,0.4444633489
195,0.4293638194
196,0.4244253294
197,0.432552227
198,0.4557531607
199,0.4940500082
200,0.5451371145
201,0.6051669992
202,0.6700037682
203,0.7360787444
204,0.8006042792
205,0.8614094992
206,0.9167265025
207,0.9651094753
208,1.005490564
209,1.037271001
210,1.060340408
211,1.075008655
212,1.081892379
213,1.081807177
214,1.075700504
215,1.064646326
216,1.049894088
217,1.032956628
218,1.015697227
219,1.000361518
220,0.9894634554
221,0.9854694454
222,0.9903414007
223,1.005099111
224,1.029456226
225,1.061394793
226,1.096624834
227,1.128564441
228,1.149974807
229,1.156032948
230,1.146275387
231,1.123766082
232,1.092962863
233,1.0581477
234,1.022831876
235,0.9897286925
236,0.9609099325
237,0.9379452927
238,0.9219467543
239,0.9134929322
240,0.9124602381
241,0.9178685142
242,0.927825839
243,0.9396807987
244,0.9502648896
245,0.9561293732
246,0.9538844957
247,0.9409606503
248,0.9167932847
249,0.8835408186
250,0.8454165575
251,0.8071887731
252,0.7731540777
253,0.7469034466
254,0.7313415797
255,0.7284780687
256,0.738938551
257,0.7615802513
258,0.7936615371
259,0.831617756
260,0.8719640726
261,0.9118454637
262,0.9491323231
263,0.9822659972
264,1.010132656
265,1.032144435
266,1.048525458
267,1.060588235
268,1.070834147
269,1.08257732
270,1.098909716
271,1.121124658
272,1.147732737
273,1.175347454
274,1.200749404
275,1.22228191
276,1.239991075
277,1.255070452
278,1.269129051
279,1.28342611
280,1.298136148
281,1.311889013
282,1.321834293
283,1.324529758
284,1.317325407
285,1.299444965
286,1.272106836
287,1.237837355
288,1.199507958
289,1.159534831
290,1.119349742
291,1.079129275
292,1.03791889
293,0.9942824934
294,0.947368915
295,0.8975944952
296,0.846353657
297,0.7952517436
298,0.7455524026
299,0.6980079901
300,0.65291415
301,0.6102621306
302,0.5699315906
303,0.5318743293
304,0.4962336101
305,0.4633715823
306,0.4338391068
307,0.4083495887
308,0.3877900604
309,0.3732498583
310,0.3660121986
311,0.3674619119
312,0.3789265498
313,0.4015544458
314,0.4363006693
315,0.4838042304
316,0.5436614602
317,0.6131661534
318,0.6869374916
319,0.7585329877
320,0.822729311
321,0.8765727577
322,0.9190858249
323,0.9505115119
324,0.9716913846
325,0.9837054117
326,0.9877073468
327,0.984874344
328,0.976399455
329,0.9635028328
330,0.9474499556
331,0.9295777835
332,0.9113251697
333,0.8942505252
334,0.8800251205
335,0.8703962107
336,0.8671417466
337,0.8720142221
338,0.8865878859
339,0.9118090374
340,0.9471076928
341,0.9892920451
342,1.032236683
343,1.068779004
344,1.09409333
345,1.107410518
346,1.111031136
347,1.108487769
348,1.103301619
349,1.098449567
350,1.096201828
351,1.098077868
352,1.104821949
353,1.116410694
354,1.132140479
355,1.150820273
356,1.171054413
357,1.191505921
358,1.211028906
359,1.228584942
360,1.242901552
361,1.251899471
362,1.252224785
363,1.239863421
364,1.212667707
365,1.172715353
366,1.125277991
367,1.075868844
368,1.028537631
369,0.9856532656
370,0.948180667
371,0.9159758566
372,0.8880538553
373,0.862870785
374,0.8386578431
375,0.8137757654
376,0.787026539
377,0.7578421668
378,0.7262846434
379,0.6928844756
380,0.6584129641
381,0.6237014375
382,0.5895614583
383,0.5568207902
384,0.5264655366
385,0.4998668858
386,0.4790223542
387,0.4666665548
388,0.466032283
389,0.4800184038
390,0.5098455585
391,0.5540560005
392,0.6088744228
393,0.6697136031
394,0.7325788588
395,0.7946326378
396,0.8540639822
397,0.9096874454
398,0.9605618549
399,1.005774778
400,1.044433962
401,1.075802659
402,1.099457361
403,1.115359184
404,1.123828482
405,1.125475835
406,1.121141885
407,1.111880549
408,1.099007938
409,1.084188708
410,1.069517424
411,1.057492058
412,1.050773135
413,1.051703378
414,1.061739441
415,1.080979676
416,1.107770377
417,1.138321014
418,1.166679003
419,1.185860928
420,1.190309468
421,1.178116018
422,1.151182738
423,1.113580077
424,1.069762452
425,1.02357803
426,0.9780130921
427,0.9352947047
428,0.8970816476
429,0.864616713
430,0.8387851512
431,0.820052428
432,0.8082875256
433,0.8025303029
434,0.8008551065
435,0.8004617624
436,0.7980554047
437,0.7904727659
438,0.7755049646
439,0.7527043606
440,0.7236559039
441,0.6914124512
442,0.6595559062
443,0.6316095284
444,0.610977742
445,0.6010521946
446,0.6049912188
447,0.6248622878
448,0.6604217591
449,0.7085699037
450,0.7642838266
451,0.8224370162
452,0.8791770654
453,0.9323046227
454,0.9809617908
455,1.025109109
456,1.065060793
457,1.101208179
458,1.133909963
459,1.163446286
460,1.189879757
461,1.212833684
462,1.231448182
463,1.244761809
464,1.252283311
465,1.254329275
466,1.252042455
467,1.247271223
468,1.242403355
469,1.240098589
470,1.242774205
471,1.251782946
472,1.266401884
473,1.283061944
474,1.295651935
475,1.29757818
476,1.284574388
477,1.256024457
478,1.214153124
479,1.162432548
480,1.104366329
481,1.042917556
482,0.9803833565
483,0.9184965289
484,0.8585868478
485,0.8016946067
486,0.7486117645
487,0.6998916689
488,0.655849046
489,0.6165446506
490,0.5817408559
491,0.5508361823
492,0.5228636789
493,0.4966542192
494,0.4711919228
495,0.4460143302
496,0.4214059277
497,0.3982802643
498,0.3779647434
499,0.3621428603
500,0.3530384722
501,0.3537250346
502,0.3682312998
503,0.4007817084
504,0.4535070146
505,0.5235684971
506,0.6029367435
507,0.6820479702
508,0.7537348401
509,0.8143991111
510,0.8631639044
511,0.9006644405
512,0.9281870706
513,0.9471688239
514,0.9589257551
515,0.9645168329
516,0.9647229963
517,0.9601211934
518,0.9512265586
519,0.9386286842
520,0.923081245
521,0.9055533328
522,0.8872918903
523,0.8699258899
524,0.8556102412
525,0.8471016689
526,0.8475371603
527,0.8596752758
528,0.884748642
529,0.9214601222
530,0.9655787356
531,1.010661471
532,1.050316862
533,1.080664853
534,1.101037424
535,1.11297424
536,1.118927217
537,1.121421889
538,1.12270878
539,1.124664982
540,1.128761282
541,1.136009235
542,1.146887637
543,1.161291744
544,1.178572839
545,1.197680975
546,1.217410313
547,1.236647357
548,1.254480479
549,1.269973806
550,1.281483498
551,1.285827024
552,1.278496634
553,1.256191246
554,1.219729039
555,1.173559336
556,1.122892481
557,1.071795829
558,1.022827263
559,0.9772931949
560,0.9355752878
561,0.8973802764
562,0.8619450916
563,0.8282379401
564,0.795178713
565,0.7618662456
566,0.7277580052
567,0.6927415883
568,0.6570768261
569,0.6212532362
570,0.5858348731
571,0.5513674521
572,0.5183878631
573,0.4875426665
574,0.4597781207
575,0.4365315834
576,0.4198520978
577,0.412403362
578,0.4172154178
579,0.4369466019
580,0.4726981088
581,0.5230766814
582,0.5843709407
583,0.6517864319
584,0.7207783209
585,0.7877515467
586,0.8501252966
587,0.9061101696
588,0.9544863096
589,0.9944861863
590,1.025762265
591,1.048360481
592,1.062662083
593,1.069298608
594,1.069066209
595,1.06286991
596,1.051720268
597,1.036780305
598,1.01944629
599,1.001438172
600,0.9848649065
601,0.9721900855
602,0.9660109394
603,0.9686239446
604,0.9814971692
605,1.004775183
606,1.036774636
607,1.07341121
608,1.108131525
609,1.133505764
610,1.144316733
611,1.139621239
612,1.122070753
613,1.095883629
614,1.065263061
615,1.033743048
616,1.00410603
617,0.9785037286
618,0.9585784371
619,0.945499567
620,0.9398905853
621,0.941679412
622,0.9499503836
623,0.9629268919
624,0.9781146194
625,0.9925191312
626,1.002786433
627,1.0053459
628,0.9969888577
629,0.9761997868
630,0.9444428231
631,0.9058880195
632,0.8656915352
633,0.8285352056
634,0.798181023
635,0.7775077188
636,0.7684429281
637,0.7716629536
638,0.7863223826
639,0.8101611989
640,0.840064248
641,0.8727706057
642,0.9053623674
643,0.9354180643
644,0.9609749691
645,0.980536319
646,0.9932652875
647,0.999303839
648,1.000040095
649,0.9981740697
650,0.9975424591
651,1.002495378
652,1.016501649
653,1.040284828
654,1.071146713
655,1.104599124
656,1.136815784
657,1.165868872
658,1.191565492
659,1.214666737
660,1.236019911
661,1.255834852
662,1.273253334
663,1.286418602
664,1.293126633
665,1.291803652
666,1.282295456
667,1.265986071
668,1.245349501
669,1.223196004
670,1.201946778
671,1.183048726
672,1.166555101
673,1.150925081
674,1.133204312
675,1.109834269
676,1.078180119
677,1.037878346
678,0.9907232403
679,0.9393751427
680,0.8862273431
681,0.8329806144
682,0.7807008641
683,0.7300549047
684,0.6815459325
685,0.6356691615
686,0.5929678757
687,0.5540229049
688,0.5194190016
689,0.4897085791
690,0.4653556328
691,0.4466384141
692,0.4335345775
693,0.4256772907
694,0.4224688347
695,0.4234184328
696,0.4286149046
697,0.4391872393
698,0.4575297566
699,0.4869327847
700,0.5302381836
701,0.5877029412
702,0.6555600731
703,0.7270219087
704,0.7951044491
705,0.8548203182
706,0.9036492121
707,0.9409708384
708,0.9673268963
709,0.9838770969
710,0.9920696444
711,0.9934620669
712,0.989626338
713,0.9820856115
714,0.9722572772
715,0.9613911887
716,0.9505256672
717,0.9404904743
718,0.9319916437
719,0.9257786309
720,0.9228656318
721,0.9247149889
722,0.9332348814
723,0.9503697863
724,0.9771699997
725,1.012488592
726,1.05192352
727,1.088442527
728,1.115517465
729,1.130336446
730,1.134086413
731,1.130076275
732,1.121971179
733,1.112911055
734,1.105237788
735,1.100477656
736,1.099409663
737,1.102179024
738,1.108447396
739,1.117561369
740,1.128700901
741,1.140965233
742,1.153374773
743,1.164780601
744,1.173667203
745,1.177873616
746,1.174392473
747,1.15983331
748,1.132166115
749,1.092734689
750,1.045999938
751,0.9971614074
752,0.9503292906
753,0.9080994123
754,0.8717557416
755,0.8415341771
756,0.8168538219
757,0.7965472109
758,0.7791294154
759,0.7630753492
760,0.7470542819
761,0.7300842867
762,0.711596682
763,0.6914208089
764,0.6697295938
765,0.646974805
766,0.6238580097
767,0.6013593124
768,0.5808677111
769,0.5644202016
770,0.5549667593
771,0.556332064
772,0.5723359751
773,0.6049153045
774,0.6524136388
775,0.709912001
776,0.7715243454
777,0.8325321491
778,0.8900803492
779,0.9428361852
780,0.9903813688
781,1.032717085
782,1.06996587
783,1.10222284
784,1.12950637
785,1.151773754
786,1.168974351
787,1.181116325
788,1.188330297
789,1.190923779
790,1.189436906
791,1.184715744
792,1.178028284
793,1.171185734
794,1.166564758
795,1.166819234
796,1.174145411
797,1.189226178
798,1.210209104
799,1.232249449
800,1.248394773
801,1.252125137
802,1.240012147
803,1.212435334
804,1.172333016
805,1.123529894
806,1.069639808
807,1.013625598
808,0.9577448837
809,0.9036516423
810,0.8525331853
811,0.8052315857
812,0.7623323503
813,0.7242074497
814,0.6910009108
815,0.6625393273
816,0.6381893456
817,0.6167260181
818,0.5964128103
819,0.5754251823
820,0.5525339261
821,0.5276506615
822,0.5018500203
823,0.4769357278
824,0.4550230974
825,0.4384594687
826,0.4300251402
827,0.4331217842
828,0.4514866626
829,0.487913046
830,0.5421303856
831,0.6095589887
832,0.6827392084
833,0.7544155913
834,0.8196408116
835,0.8760412796
836,0.9231160295
837,0.9614207998
838,0.9919662066
839,1.015805324
840,1.03377582
841,1.04637451
842,1.053787461
843,1.056068567
844,1.053373207
845,1.046132049
846,1.0351245
847,1.021486783
848,1.006739656
849,0.9928487585
850,0.9822833688
851,0.9779170365
852,0.9825730127
853,0.9981586425
854,1.024596048
855,1.058927189
856,1.095157353
857,1.125885153
858,1.145367372
859,1.15151526
860,1.145437031
861,1.129831529
862,1.107720074
863,1.081880618
864,1.054729459
865,1.028364339
866,1.004609361
867,0.9850100472
868,0.9707735882
869,0.9626628823
870,0.9608465405
871,0.9647545686
872,0.9729729805
873,0.9832410328
874,0.9925289734
875,0.9971800199
876,0.9933208406
877,0.9780113794
878,0.9509480979
879,0.915045509
880,0.8749577636
881,0.8351839294
882,0.799261436
883,0.7698190896
884,0.7488057219
885,0.7375676235
886,0.7367284205
887,0.7459879063
888,0.7640221689
889,0.7886509491
890,0.8172300681
891,0.8470834934
892,0.8757996972
893,0.9013773428
894,0.9223310236
895,0.9378823782
896,0.9482466031
897,0.9548995771
898,0.9606799351
899,0.9694782771
900,0.9851462227
901,1.009614906
902,1.041512526
903,1.076915377
904,1.111638272
905,1.142957965
906,1.169957672
907,1.193059016
908,1.213389102
909,1.232208032
910,1.250432684
911,1.268259624
912,1.285007421
913,1.299248806
914,1.309305715
915,1.313939783
916,1.312899518
917,1.30701399
918,1.297798009
919,1.286785544
920,1.27484347
921,1.261638906
922,1.24540276
923,1.223230006
924,1.192252235
925,1.151340597
926,1.101829956
927,1.046583153
928,0.9885763745
929,0.9301098028
930,0.8726643926
931,0.8170579165
932,0.7636799901
933,0.7127129716
934,0.6643020124
935,0.6186447234
936,0.576005167
937,0.5366744361
938,0.5009166008
939,0.4689195445
940,0.4407614136
941,0.4163999275
942,0.3957050314
943,0.3785623077
944,0.3650658736
945,0.3557844261
946,0.3520982943
947,0.3564928167
948,0.3725853495
949,0.4044132429
950,0.4544777899
951,0.5211731218
952,0.5980871663
953,0.6765902788
954,0.7493403245
955,0.8119014473
956,0.8624619998
957,0.9009189338
958,0.9280932917
959,0.9452399606
960,0.9537737462
961,0.955125161
962,0.9506628658
963,0.9416506963
964,0.9292239714
965,0.9143893533
966,0.8980539288
967,0.8810981565
968,0.8645013198
969,0.8495144213
970,0.8378571539
971,0.8318320969
972,0.8341769366
973,0.8474455887
974,0.8729916628
975,0.9099452007
976,0.9545598615
977,1.000563326
978,1.041284203
979,1.072507625
980,1.093605733
981,1.106530644
982,1.114243703
983,1.119650046
984,1.125112295
985,1.13229518
986,1.142158535
987,1.155020807
988,1.170661987
989,1.188465364
990,1.207574848
991,1.227062779
992,1.246085405
993,1.263994826
994,1.280331691
995,1.294556464
996,1.305393871
997,1.309969678
998,1.303771083
999,1.282942115
1000,1.247596563
1001,1.201920563
1002,1.151227406
1003,1.099695882
1004,1.049833599
1005,1.002744635
1006,0.9585305378
1007,0.9166741997
1008,0.8763614844
1009,0.8367648021
1010,0.7972576336
1011,0.7575290334
1012,0.7175982923
1013,0.6777394187
1014,0.6383669278
1015,0.5999256879
1016,0.5628133929
1017,0.5273583742
1018,0.4938632342
1019,0.4627225167
1020,0.4345966106
1021,0.4105890615
1022,0.3923684619
1023,0.3822007264
1024,0.3828200894
1025,0.3969540941
1026,0.4264220349
1027,0.4711636091
1028,0.5288802247
1029,0.5955827482
1030,0.6666088836
1031,0.7374994434
1032,0.8044934344
1033,0.8647363261
1034,0.916331977
1035,0.9582871582
1036,0.9903703419
1037,1.012908958
1038,1.026595135
1039,1.032319184
1040,1.031059171
1041,1.02382445
1042,1.01165817
1043,0.9956868882
1044,0.9772008122
1045,0.9577473954
1046,0.9392090019
1047,0.9238199128
1048,0.9140477725
1049,0.9122928486
1050,0.9204598625
1051,0.9395149701
1052,0.9690343893
1053,1.006598452
1054,1.04717734
1055,1.083571437
1056,1.108963167
1057,1.120037282
1058,1.117722993
1059,1.105521251
1060,1.087584611
1061,1.067674158
1062,1.048854977
1063,1.033511245
1064,1.023414049
1065,1.019730409
1066,1.022949394
1067,1.03278873
1068,1.048175464
1069,1.067386252
1070,1.088334377
1071,1.10882092
1072,1.126543291
1073,1.13880591
1074,1.142247396
1075,1.133329929
1076,1.110178567
1077,1.074537657
1078,1.03136232
1079,0.9864279089
1080,0.9445196399
1081,0.9089841065
1082,0.8818435074
1083,0.8638971775
1084,0.8547599547
1085,0.8529686438
1086,0.8562483645
1087,0.8618759188
1088,0.867039116
1089,0.8691531424
1090,0.8661712708
1091,0.8568919794
1092,0.84114782
1093,0.819748531
1094,0.7942340471
1095,0.7666286092
1096,0.7393673902
1097,0.7154205271
1098,0.6984577761
1099,0.692665588
1100,0.7017035071
1101,0.7268382657
1102,0.7656942437
1103,0.8131891992
1104,0.8639458703
1105,0.914031594
1106,0.9612410078
1107,1.004578682
1108,1.043680129
1109,1.078500288
1110,1.109270446
1111,1.136571372
1112,1.161323844
1113,1.184563564
1114,1.207041793
1115,1.228847822
1116,1.249340158
1117,1.267439784
1118,1.282135738
1119,1.292960106
1120,1.300273877
1121,1.305340191
1122,1.310131769
1123,1.316703245
1124,1.326080387
1125,1.337059303
1126,1.345734075
1127,1.346627574
1128,1.335096947
1129,1.309294433
1130,1.270336002
1131,1.221136474
1132,1.165074108
1133,1.105132558
1134,1.043558768
1135,0.9818654958
1136,0.9210183478
1137,0.8616766902
1138,0.8043846503
1139,0.7496507796
1140,0.6979352441
1141,0.6495975408
1142,0.6048472653
1143,0.5637078691
1144,0.5259926888
1145,0.491312577
1146,0.4591695035
1147,0.4291497425
1148,0.4011264562
1149,0.3753551118
1150,0.3524489872
1151,0.333358498
1152,0.3194688043
1153,0.3128271684
1154,0.3163963302
1155,0.3340352498
1156,0.369630808
1157,0.4249323724
1158,0.4970672647
1159,0.5783970373
1160,0.6596614034
1161,0.7335581569
1162,0.7960881653
1163,0.8459805138
1164,0.8835968329
1165,0.9100748896
1166,0.9268169094
1167,0.9352162592
1168,0.9365287554
1169,0.9318368072
1170,0.9220834554
1171,0.9081415959
1172,0.8908893138
1173,0.8712713625
1174,0.8503640954
1175,0.8294649973
1176,0.8102235298
1177,0.7947876537
1178,0.7858613564
1179,0.78646363
1180,0.7992175299
1181,0.8253349193
1182,0.8637487418
1183,0.9106886001
1184,0.9601190648
1185,1.005643873
1186,1.04300516
1187,1.071147232
1188,1.091439242
1189,1.106341158
1190,1.118429635
1191,1.129914658
1192,1.142442713
1193,1.157017942
1194,1.173979764
1195,1.193034576
1196,1.213389562
1197,1.233977226
1198,1.253742013
1199,1.271915661
1200,1.288212488
1201,1.302844868
1202,1.316245824
1203,1.328362873
1204,1.337552294
1205,1.339734009
1206,1.329577386
1207,1.304218178
1208,1.265514273
1209,1.218119414
1210,1.166579942
1211,1.114046259
1212,1.062237068
1213,1.011798779
1214,0.9626965373
1215,0.9145650082
1216,0.8669949238
1217,0.8197470341
1218,0.772853207
1219,0.7265996634
1220,0.6814243592
1221,0.637791359
1222,0.5960867137
1223,0.5565609499
1224,0.5193233829
1225,0.4843945694
1226,0.4518215172
1227,0.4218363476
1228,0.3950149599
1229,0.37236185
1230,0.35534149
1231,0.3459119434
1232,0.3465114614
1233,0.3598187139
1234,0.3881248973
1235,0.4323777916
1236,0.4913106939
1237,0.5612173337
1238,0.636638889
1239,0.7116684865
1240,0.7812348121
1241,0.8418497034
1242,0.8917059442
1243,0.9303449566
1244,0.9581915043
1245,0.976152555
1246,0.9853393315
1247,0.9868997423
1248,0.9819418952
1249,0.9715247785
1250,0.9566966209
1251,0.9385631952
1252,0.9183638472
1253,0.8975473771
1254,0.8778459533
1255,0.8613205806
1256,0.8503210659
1257,0.8472923154
1258,0.8544047006
1259,0.8730599623
1260,0.9033213546
1261,0.9432285435
1262,0.9881517073
1263,1.031208429
1264,1.065735543
1265,1.088262545
1266,1.099235338
1267,1.101543691
1268,1.098810339
1269,1.09441062
1270,1.091113292
1271,1.090996653
1272,1.095423063
1273,1.104998759
1274,1.119542002
1275,1.138161526
1276,1.159456508
1277,1.181861989
1278,1.203984588
1279,1.22477393
1280,1.243384543
1281,1.258670678
1282,1.268413873
1283,1.268835813
1284,1.255680035
1285,1.227309865
1286,1.186682587
1287,1.139473612
1288,1.0910609
1289,1.045167276
1290,1.003823982
1291,0.9676856875
1292,0.9363422813
1293,0.9085994838
1294,0.8827826611
1295,0.8570825611
1296,0.829922488
1297,0.8002764283
1298,0.7678353952
1299,0.732946741
1300,0.696380792
1301,0.6590539465
1302,0.6218401728
1303,0.5855196147
1304,0.5508565472
1305,0.5187738779
1306,0.4905748039
1307,0.4681346062
1308,0.4539530562
1309,0.4509276191
1310,0.4616636828
1311,0.4873777481
1312,0.5270536089
1313,0.5776489213
1314,0.635250291
1315,0.6962584096
1316,0.7579479178
1317,0.818419117
1318,0.8762518695
1319,0.9301441475
1320,0.9787356343
1321,1.020689488
1322,1.054933552
1323,1.080870707
1324,1.098428742
1325,1.107978765
1326,1.110213303
1327,1.106055632
1328,1.096630796
1329,1.083302619
1330,1.067747396
1331,1.052013244
1332,1.038495446
1333,1.029735207
1334,1.02802972
1335,1.034978597
1336,1.051116828
1337,1.075645482
1338,1.106079714
1339,1.137880725
1340,1.164626735
1341,1.179602743
1342,1.178521364
1343,1.161244893
1344,1.131030862
1345,1.092484356
1346,1.049977693
1347,1.007036707
1348,0.9663277644
1349,0.9298431696
1350,0.8990753404
1351,0.8750931115
1352,0.8584880319
1353,0.8492104498
1354,0.8463631471
1355,0.8480977024
1356,0.8517186699
1357,0.8539956616
1358,0.8516140397
1359,0.8417893962
1360,0.8230668053
1361,0.7959937267
1362,0.7630865567
1363,0.7280125142
1364,0.6946555088
1365,0.6666790652
1366,0.6475264145
1367,0.6403967143
1368,0.6477812826
1369,0.6705307559
1370,0.7070749702
1371,0.7536455462
1372,0.8055693638
1373,0.8587017149
1374,0.9101707569
1375,0.9583751029
1376,1.00260779
1377,1.04266364
1378,1.078615174
1379,1.110803941
1380,1.139910998
1381,1.166856657
1382,1.192355416
1383,1.216280835
1384,1.23747738
1385,1.254375415
1386,1.265930806
1387,1.272159355
1388,1.274138954
1389,1.273769204
1390,1.27345031
1391,1.275627627
1392,1.282116488
1393,1.293237753
1394,1.30700831
1395,1.318963006
1396,1.323256654
1397,1.314949146
1398,1.291943544
1399,1.255210639
1400,1.207622331
1401,1.152579617
1402,1.093111891
1403,1.031524617
1404,0.9694391198
1405,0.9080394332
1406,0.8483234753
1407,0.791201143
1408,0.7374470025
1409,0.6876204516
1410,0.642025278
1411,0.600692575
1412,0.5633639022
1413,0.5294911801
1414,0.4983093854
1415,0.4690301669
1416,0.4411166908
1417,0.414494355
1418,0.3895880236
1419,0.3672208947
1420,0.3485510901
1421,0.3351598983
1422,0.3292918244
1423,0.3341120816
1424,0.3536350224
1425,0.3916910784
1426,0.4495218915
1427,0.5233052605
1428,0.6045760519
1429,0.6839970121
1430,0.7548858163
1431,0.8140518315
1432,0.8608607559
1433,0.8960547704
1434,0.9209451843
1435,0.9369547796
1436,0.9453889633
1437,0.9473423663
1438,0.9437064028
1439,0.9352418826
1440,0.9226800138
1441,0.9068071902
1442,0.8885259142
1443,0.868913259
1444,0.8493036426
1445,0.8314194542
1446,0.8175092363
1447,0.8103806527
1448,0.8130919234
1449,0.8281404957
1450,0.8563684136
1451,0.8960925623
1452,0.9428155902
1453,0.9900897002
1454,1.031824093
1455,1.064566351
1456,1.0879757
1457,1.103763109
1458,1.114430891
1459,1.122484613
1460,1.130077402
1461,1.138877218
1462,1.150002626
1463,1.16397262
1464,1.18069427
1465,1.199539347
1466,1.219510003
1467,1.239501857
1468,1.258585054
1469,1.27620687
1470,1.292200834
1471,1.306433518
1472,1.317992986
1473,1.324133991
1474,1.320131072
1475,1.301672994
1476,1.268370022
1477,1.223985417
1478,1.173591294
1479,1.121325819
1480,1.069805372
1481,1.020335059
1482,0.9732652451
1483,0.9283230883
1484,0.8848958316
1485,0.8422913256
1486,0.7999625071
1487,0.7576552294
1488,0.7154425413
1489,0.6736512739
1490,0.6327299336
1491,0.5931196665
1492,0.5551699565
1493,0.5191203053
1494,0.4851592275
1495,0.4535545368
1496,0.4248256151
1497,0.3999001495
1498,0.3802006685
1499,0.3676887246
1500,0.3648495507
1501,0.3744471479
1502,0.3988579186
1503,0.4390617809
1504,0.493828645
1505,0.5597056449
1506,0.6318489719
1507,0.7051408914
1508,0.7750597008
1509,0.8381486678
1510,0.8921602793
1511,0.9359770352
1512,0.9693945938
1513,0.9928389843
1514,1.007116598
1515,1.013215348
1516,1.012179393
1517,1.005051695
1518,0.9928779698
1519,0.9767555356
1520,0.9579072085
1521,0.9377651285
1522,0.9180519686
1523,0.9008341481
1524,0.888482813
1525,0.8834733991
1526,0.8880084043
1527,0.9035485517
1528,0.9303316583
1529,0.9667950077
1530,1.008893419
1531,1.050036326
1532,1.082973743
1533,1.103048931
1534,1.109841269
1535,1.106076786
1536,1.095666026
1537,1.082407221
1538,1.069493164
1539,1.059429471
1540,1.054060537
1541,1.054562945
1542,1.061386826
1543,1.074193132
1544,1.091894259
1545,1.112858793
1546,1.135238541
1547,1.157255942
1548,1.177238771
1549,1.193292051
1550,1.202733808
1551,1.201869377
1552,1.187136883
1553,1.157737475
1554,1.117063255
1555,1.070922089
1556,1.024825143
1557,0.982754929
1558,0.9471100815
1559,0.9189318562
1560,0.8980813472
1561,0.8834183118
1562,0.873029485
1563,0.8645433736
1564,0.855483563
1565,0.8436433371
1566,0.8274474245
1567,0.8062107249
1568,0.7801696768
1569,0.7502594343
1570,0.717795381
1571,0.6842344498
1572,0.6511281385
1573,0.6202597285
1574,0.5938927747
1575,0.5749828344
1576,0.5670737536
1577,0.5735272308
1578,0.5960355351
1579,0.6333117431
1580,0.6813285098
1581,0.7350723768
1582,0.7902813312
1583,0.8441434298
1584,0.8951705829
1585,0.9428096184
1586,0.9870922355
1587,1.028335053
1588,1.066838837
1589,1.102579447
1590,1.135025715
1591,1.163221064
1592,1.186101846
1593,1.202863345
1594,1.213190791
1595,1.217337709
1596,1.21612288
1597,1.210942792
1598,1.203779983
1599,1.197144778
1600,1.193791379
1601,1.196130096
1602,1.205464221
1603,1.22131306
1604,1.241034468
1605,1.259960068
1606,1.272374592
1607,1.273247365
1608,1.259788799
1609,1.231874588
1610,1.191402706
1611,1.141321056
1612,1.084872127
1613,1.025120588
1614,0.9646891092
1615,0.9056480939
1616,0.8495287982
1617,0.7974082214
1618,0.7500037854
1619,0.7077311212
1620,0.6706885586
1621,0.6385738794
1622,0.6105737205
1623,0.5853678539
1624,0.561367633
1625,0.537185427
1626,0.512110137
1627,0.4863171663
1628,0.4607177108
1629,0.4366534718
1630,0.4157021486
1631,0.3997289833
1632,0.3911473253
1633,0.3932242921
1634,0.4100428604
1635,0.4453943407
1636,0.5002173442
1637,0.5702891998
1638,0.6472450524
1639,0.7225159826
1640,0.7903161946
1641,0.8480349838
1642,0.89526799
1643,0.9327671401
1644,0.9617113997
1645,0.9832682729
1646,0.9983620068
1647,1.0076085
1648,1.01139392
1649,1.010034142
1650,1.003934921
1651,0.9936915395
1652,0.9801291911
1653,0.9643248725
1654,0.9476576424
1655,0.9319155612
1656,0.919423342
1657,0.9130591978
1658,0.9159005877
1659,0.9303336302
1660,0.9568809992
1661,0.993278654
1662,1.034242417
1663,1.07271667
1664,1.102592826
1665,1.120901866
1666,1.127875016
1667,1.125621865
1668,1.1168961
1669,1.104424021
1670,1.090670226
1671,1.07778636
1672,1.067590923
1673,1.061520764
1674,1.060547603
1675,1.065074179
1676,1.074854224
1677,1.088983756
1678,1.105988752
1679,1.12398591
1680,1.14076994
1681,1.153665127
1682,1.159210161
1683,1.153395907
1684,1.133418801
1685,1.100005406
1686,1.057384734
1687,1.010891206
1688,0.9650115458
1689,0.9228840634
1690,0.8864937834
1691,0.8569242612
1692,0.8344877184
1693,0.8187664739
1694,0.8086558156
1695,0.8024783845
1696,0.798188154
1697,0.7936384098
1698,0.7868828953
1699,0.7764731992
1700,0.7616915353
1701,0.7426348053
1702,0.7201311696
1703,0.6955811188
1704,0.6708808933
1705,0.6485072974
1706,0.631683502
1707,0.6243390115
1708,0.6304654766
1709,0.6526470326
1710,0.6903966884
1711,0.7398479288
1712,0.795442597
1713,0.8521581307
1714,0.9066703317
1715,0.9573277954
1716,1.003613691
1717,1.045603375
1718,1.083599103
1719,1.117941814
1720,1.148916913
1721,1.176684196
1722,1.20120436
1723,1.222203486
1724,1.239238755
1725,1.251873649
1726,1.259900305
1727,1.263542509
1728,1.263605275
1729,1.261577293
1730,1.259606304
1731,1.260212368
1732,1.265592778
1733,1.276530034
1734,1.291280971
1735,1.30514648
1736,1.311620193
1737,1.305054327
1738,1.282976683
1739,1.246334905
1740,1.198144993
1741,1.141999215
1742,1.081173537
1743,1.018304368
1744,0.9553840839
1745,0.8938770017
1746,0.8348494322
1747,0.7790712434
1748,0.7270823551
1749,0.6792342097
1750,0.6357030822
1751,0.5964720045
1752,0.5612777963
1753,0.5295536829
1754,0.5004503409
1755,0.4730227166
1756,0.4465727169
1757,0.4209581637
1758,0.3966644469
1759,0.3746619456
1760,0.3562869476
1761,0.3433172125
1762,0.3382407305
1763,0.3445408724
1764,0.3665442159
1765,0.4080417209
1766,0.4694176221
1767,0.5454099606
1768,0.6267008758
1769,0.7042999807
1770,0.7724548555
1771,0.8287586593
1772,0.8730144416
1773,0.9061427267
1774,0.9295050708
1775,0.9445167041
1776,0.9524434205
1777,0.9543128114
1778,0.9509179368
1779,0.9429075122
1780,0.9309092404
1781,0.9156370072
1782,0.8979592639
1783,0.8789577149
1784,0.8600128965
1785,0.8429417679
1786,0.830141932
1787,0.8245880154
1788,0.8294028108
1789,0.8468860975
1790,0.8773751413
1791,0.9184874447
1792,0.9650779926
1793,1.010490454
1794,1.049066063
1795,1.078102823
1796,1.09785985
1797,1.110327922
1798,1.118053987
1799,1.123477676
1800,1.128672185
1801,1.135262197
1802,1.144378905
1803,1.156605544
1804,1.171940391
1805,1.189829637
1806,1.209310974
1807,1.22925336
1808,1.248632974
1809,1.266739223
1810,1.283150401
1811,1.297301794
1812,1.307600845
1813,1.310543828
1814,1.301323127
1815,1.276908271
1816,1.238722968
1817,1.191451638
1818,1.140087733
1819,1.088324039
1820,1.038356763
1821,0.9911867769
1822,0.9469611346
1823,0.9052509007
1824,0.8652989833
1825,0.8262561174
1826,0.7874032049
1827,0.7483208743
1828,0.7089556965
1829,0.6695647856
1830,0.6305893684
1831,0.592510442
1832,0.5557490423
1833,0.5206435895
1834,0.4875186608
1835,0.4568308888
1836,0.4293549422
1837,0.4063343741
1838,0.3895668879
1839,0.3814232555
1840,0.3847022092
1841,0.4020954437
1842,0.4352008701
1843,0.4835218077
1844,0.5442082276
1845,0.6128079385
1846,0.684455889
1847,0.7547842831
1848,0.8203234957
1849,0.8785693945
1850,0.9279276548
1851,0.9676158754
1852,0.9975302628
1853,1.018065456
1854,1.029946783
1855,1.034073207
1856,1.031419094
1857,1.022991747
1858,1.009845774
1859,0.9931398897
1860,0.9742196037
1861,0.954702842
1862,0.9365532796
1863,0.9220814865
1864,0.913799863
1865,0.9140821989
1866,0.9246973128
1867,0.9463374371
1868,0.9781268809
1869,1.016994752
1870,1.057221266
1871,1.091380495
1872,1.113275569
1873,1.120669007
1874,1.115304014
1875,1.100990785
1876,1.081858961
1877,1.06152454
1878,1.042895927
1879,1.028220686
1880,1.019146926
1881,1.016710941
1882,1.021251907
1883,1.032319534
1884,1.048678589
1885,1.068491598
1886,1.089608925
1887,1.109785741
1888,1.126621432
1889,1.137235877
1890,1.138105154
1891,1.125879519
1892,1.099471224
1893,1.061588209
1894,1.01763673
1895,0.9732606959
1896,0.9329090706
1897,0.8996121233
1898,0.8751159758
1899,0.8599505058
1900,0.8534620002
1901,0.8539530384
1902,0.8589850584
1903,0.8657571326
1904,0.8714551785
1905,0.8735562574
1906,0.8701361148
1907,0.8601677453
1908,0.8436785872
1909,0.8216552455
1910,0.7957835137
1911,0.768225894
1912,0.741590211
1913,0.7190751828
1914,0.7045797204
1915,0.7023225568
1916,0.7155161276
1917,0.7444719903
1918,0.7858681524
1919,0.8342928539
1920,0.8846701011
1921,0.9335858475
1922,0.9792480351
1923,1.020883429
1924,1.058210227
1925,1.091213412
1926,1.120172642
1927,1.145756915
1928,1.168997647
1929,1.191013718
1930,1.212571544
1931,1.23371499
1932,1.253725096
1933,1.271466083
1934,1.285928953
1935,1.296707121
1936,1.30427978
1937,1.31002823
1938,1.315932047
1939,1.32377518
1940,1.33392538
1941,1.344239941
1942,1.350095155
1943,1.346104413
1944,1.328604687
1945,1.297008683
1946,1.253327856
1947,1.200820587
1948,1.142812599
1949,1.082046979
1950,1.020482179
1951,0.9593663098
1952,0.8994506438
1953,0.8412394437
1954,0.7851709598
1955,0.7316849648
1956,0.6811940172
1957,0.6340199631
1958,0.5903366432
1959,0.5501314092
1960,0.5131857891
1961,0.479104237
1962,0.4474383146
1963,0.4178847717
1964,0.3904600774
1965,0.3655469426
1966,0.3438674228
1967,0.3265047598
1968,0.3150571925
1969,0.3118934385
1970,0.3203450254
1971,0.3444272575
1972,0.3874790585
1973,0.4496803189
1974,0.526211904
1975,0.6084709859
1976,0.6877104346
1977,0.757849417
1978,0.8159709175
1979,0.8614660313
1980,0.8950110273
1981,0.9178555466
1982,0.931407338
1983,0.9370202607
1984,0.9358979029
1985,0.9290839657
1986,0.9175062201
1987,0.9020493995
1988,0.8836226366
1989,0.8632209831
1990,0.8419981897
1991,0.8213727267
1992,0.8031711633
1993,0.7897578637
1994,0.7840019864
1995,0.788864661
1996,0.8065405284
1997,0.8374695975
1998,0.8796221171
1999,0.9282957005
2000,0.9770254968
2001,1.019914199
2002,1.053835677
2003,1.078774462
2004,1.096670861
2005,1.110146087
2006,1.121709237
2007,1.13339612
2008,1.146628718
2009,1.162161476
2010,1.180071458
2011,1.199841276
2012,1.220524069
2013,1.241006241
2014,1.260303019
2015,1.277812833
2016,1.293456659
2017,1.307597438
2018,1.320610136
2019,1.332018489
2020,1.339335654
2021,1.337726219
2022,1.322261614
2023,1.291746963
2024,1.24942836
2025,1.200201305
2026,1.148172926
2027,1.095940169
2028,1.044772602
2029,0.9950081675
2030,0.946436366
2031,0.898631827
2032,0.8512227675
2033,0.8040678506
2034,0.757310483
2035,0.7113204915
2036,0.6665719071
2037,0.6235186906
2038,0.5825062335
2039,0.5437324746
2040,0.5072641578
2041,0.4731129393
2042,0.4413710494
2043,0.4123783691
2044,0.3868586546
2045,0.3659772171
2046,0.351366583
2047,0.345154365
2048,0.3498902174
2049,0.3681822396
2050,0.4019431966
2051,0.4514235187
2052,0.5145225985
2053,0.5868627083
2054,0.6627147283
2055,0.7363459474
2056,0.8031647023
2057,0.8602545285
2058,0.9063037763
2059,0.94120027
2060,0.9655703102
2061,0.9804172919
2062,0.9868785101
2063,0.9860942316
2064,0.9791552429
2065,0.9671114646
2066,0.9510248168
2067,0.9320423275
2068,0.9114703386
2069,0.8908508324
2070,0.8720276606
2071,0.8571693988
2072,0.8486804973
2073,0.8489479119
2074,0.8599272474
2075,0.8826273243
2076,0.9165090912
2077,0.9587599725
2078,1.003841896
2079,1.044576976
2080,1.075125697
2081,1.093419736
2082,1.100961041
2083,1.10105686
2084,1.097321345
2085,1.092945632
2086,1.090468185
2087,1.091727212
2088,1.097833926
2089,1.109124625
2090,1.125162836
2091,1.144848408
2092,1.166682324
2093,1.189123728
2094,1.210888538
2095,1.23102468
2096,1.248650239
2097,1.262334479
2098,1.269325629
2099,1.265443194
2100,1.246950347
2101,1.213775829
2102,1.170179757
2103,1.122015971
2104,1.074154239
2105,1.029706982
2106,0.9901939137
2107,0.9558719261
2108,0.9260266362
2109,0.8992594287
2110,0.8738035093
2111,0.847882095
2112,0.8200697217
2113,0.7895716531
2114,0.7563173158
2115,0.7208291278
2116,0.6839559818
2117,0.6466168861
2118,0.6096561188
2119,0.5738384824
2120,0.539965163
2121,0.5090702733
2122,0.4826440831
2123,0.4627909255
2124,0.4522034157
2125,0.453788912
2126,0.4697991322
2127,0.5007126173
2128,0.5446974806
2129,0.5982327537
2130,0.6573955709
2131,0.7188652469
2132,0.7802414529
2133,0.8398514007
2134,0.8963678381
2135,0.948491867
2136,0.9948617724
2137,1.03420702
2138,1.065601876
2139,1.088626709
2140,1.103369232
2141,1.110319267
2142,1.110254381
2143,1.104165099
2144,1.093251828
2145,1.078979863
2146,1.063152762
2147,1.047954124
2148,1.035867085
2149,1.029401681
2150,1.030658338
2151,1.040890344
2152,1.060185383
2153,1.087175777
2154,1.118664657
2155,1.149353796
2156,1.172453584
2157,1.181816146
2158,1.17457837
2159,1.152017608
2160,1.118109807
2161,1.077502491
2162,1.034292881
2163,0.9916829706
2164,0.9520725282
2165,0.9172566268
2166,0.8885722524
2167,0.8669302789
2168,0.8527218396
2169,0.8456233863
2170,0.8444107638
2171,0.8469169345
2172,0.850215909
2173,0.8509916567
2174,0.8460445479
2175,0.8329840538
2176,0.8110398481
2177,0.7815236118
2178,0.7474745361
2179,0.7127046787
2180,0.6810188929
2181,0.6559814553
2182,0.640969137
2183,0.6390234534
2184,0.6521838818
2185,0.6804933313
2186,0.7214849355
2187,0.7708535172
2188,0.8239448686
2189,0.877012206
2190,0.927667774
2191,0.9746945026
2192,1.017626214
2193,1.056390744
2194,1.091161542
2195,1.122390512
2196,1.150838929
2197,1.177370196
2198,1.20239886
2199,1.225376512
2200,1.244905945
2201,1.259564412
2202,1.268719923
2203,1.272835137
2204,1.273344898
2205,1.272386448
2206,1.272452562
2207,1.275866608
2208,1.28402605
2209,1.29650576
2210,1.310388438
2211,1.320467742
2212,1.320878116
2213,1.307500067
2214,1.279385106
2215,1.238351648
2216,1.187614786
2217,1.130532379
2218,1.069913208
2219,1.007826219
2220,0.9457338568
2221,0.884755919
2222,0.8258688977
2223,0.769941249
2224,0.7176665997
2225,0.6695038882
2226,0.6256501662
2227,0.5860251441
2228,0.550254573
2229,0.5176838596
2230,0.4874937463
2231,0.4589378367
2232,0.4316175145
2233,0.4056451116
2234,0.3816105669
2235,0.3604729255
2236,0.343539104
2237,0.3326149271
2238,0.3302785813
2239,0.3400772076
2240,0.3661804045
2241,0.4118090142
2242,0.4764800668
2243,0.5542882504
2244,0.6358630584
2245,0.712584923
2246,0.7791554383
2247,0.8335268031
2248,0.8757287354
2249,0.9068031721
2250,0.9281483391
2251,0.9411636613
2252,0.9470782106
2253,0.9468995487
2254,0.941449875
2255,0.9314563847
2256,0.9176518311
2257,0.9008520929
2258,0.8820122293
2259,0.8622900757
2260,0.8431482023
2261,0.8264935713
2262,0.8147999047
2263,0.8110422504
2264,0.8181983069
2265,0.8382698534
2266,0.8712118486
2267,0.9142432147
2268,0.9619238062
2269,1.007620206
2270,1.04606677
2271,1.075062715
2272,1.095215056
2273,1.108657393
2274,1.117950602
2275,1.125483798
2276,1.133232566
2277,1.14266585
2278,1.154687266
2279,1.169598263
2280,1.187104385
2281,1.206422873
2282,1.22648819
2283,1.246228396
2284,1.264828438
2285,1.281881611
2286,1.297278874
2287,1.310687507
2288,1.320586437
2289,1.32336158
2290,1.314026803
2291,1.289497091
2292,1.251234012
2293,1.203887973
2294,1.152331957
2295,1.100119061
2296,1.049318362
2297,1.000826389
2298,0.9547220997
2299,0.9105696345
2300,0.8676927046
2301,0.8254227807
2302,0.7832995886
2303,0.7411809264
2304,0.6992387073
2305,0.6578556564
2306,0.6174894344
2307,0.5785551931
2308,0.5413637085
2309,0.5061303348
2310,0.4730619639
2311,0.4425099817
2312,0.4151452912
2313,0.3920892448
2314,0.3749815452
2315,0.3660109004
2316,0.3678332487
2317,0.3831699273
2318,0.4139608538
2319,0.4603429899
2320,0.5201129762
2321,0.5891073249
2322,0.6622451839
2323,0.7345900886
2324,0.8020436688
2325,0.8616551346
2326,0.9116575034
2327,0.9513265826
2328,0.9807308036
2329,1.000465697
2330,1.011420632
2331,1.014609728
2332,1.011076721
2333,1.001860857
2334,0.9880194768
2335,0.9706903711
2336,0.9511710495
2337,0.9310028741
2338,0.9120465265
2339,0.8965077055
2340,0.8868389088
2341,0.8854610174
2342,0.8943333338
2343,0.9144751365
2344,0.9454637711
2345,0.984796603
2346,1.027309727
2347,1.065783435
2348,1.093643848
2349,1.107927713
2350,1.109728507
2351,1.102478554
2352,1.090155829
2353,1.076348303
2354,1.06397577
2355,1.055280036
2356,1.05184936
2357,1.054590394
2358,1.063652364
2359,1.078399306
2360,1.097497456
2361,1.119182388
2362,1.141593595
2363,1.16298424
2364,1.18161804
2365,1.195314671
2366,1.200936341
2367,1.194607901
2368,1.173606788
2369,1.138909904
2370,1.095272861
2371,1.048640672
2372,1.003950266
2373,0.9645146095
2374,0.9321601809
2375,0.9074372168
2376,0.8897826131
2377,0.8777047921
2378,0.8690537373
2379,0.8613526021
2380,0.8521609983
2381,0.8394489886
2382,0.8219361206
2383,0.7992809595
2384,0.7720149371
2385,0.7412631953
2386,0.7084344665
2387,0.6750496603
2388,0.6427698453
2389,0.6135897183
2390,0.5900947172
2391,0.5755767424
2392,0.5736736059
2393,0.5872278649
2394,0.6166846835
2395,0.6593514253
2396,0.7104590242
2397,0.7651444625
2398,0.8197673338
2399,0.8721581399
2400,0.9213037072
2401,0.9669591093
2402,1.009335469
2403,1.04882283
2404,1.085684228
2405,1.119765087
2406,1.150390068
2407,1.176525357
2408,1.197147856
2409,1.211584671
2410,1.219700015
2411,1.221941952
2412,1.219348603
2413,1.21355417
2414,1.206786508
2415,1.201715857
2416,1.201026276
2417,1.206703068
2418,1.219251522
2419,1.237132577
2420,1.2565956
2421,1.272243503
2422,1.278509444
2423,1.271462087
2424,1.24981626
2425,1.214670229
2426,1.168567167
2427,1.114611169
2428,1.055905766
2429,0.995239372
2430,0.934919256
2431,0.8767218747
2432,0.8219355772
2433,0.7714476623
2434,0.7258221049
2435,0.6853286069
2436,0.6498975107
2437,0.6190239482
2438,0.5916924338
2439,0.5664796448
2440,0.541902672
2441,0.5169089119
2442,0.4912342826
2443,0.4654290441
2444,0.4406060513
2445,0.4181804926
2446,0.3998054742
2447,0.3875420066
2448,0.3841721166
2449,0.3934071065
2450,0.4194329409
2451,0.4650466524
2452,0.5287974738
2453,0.6039868002
2454,0.6815272495
2455,0.7539349629
2456,0.8170286116
2457,0.8694270164
2458,0.9114227717
2459,0.9440667355
2460,0.9685972368
2461,0.9861109698
2462,0.9974205011
2463,1.003060566
2464,1.003411051
2465,0.9988594574
2466,0.9899294356
2467,0.9773461434
2468,0.9620627416
2469,0.9452934143
2470,0.9285963505
2471,0.9140000449
2472,0.9041081017
2473,0.9019727148
2474,0.9104775721
2475,0.9312479965
2476,0.9635452184
2477,1.003617501
2478,1.045095746
2479,1.081064197
2480,1.106812219
2481,1.121032064
2482,1.125027752
2483,1.121316277
2484,1.112664129
2485,1.10165946
2486,1.090587521
2487,1.08140021
2488,1.075677856
2489,1.074557201
2490,1.078633882
2491,1.08787551
2492,1.101608948
2493,1.118586799
2494,1.13716223
2495,1.155446245
2496,1.171270723
2497,1.181843233
2498,1.183428995
2499,1.172109859
2500,1.146176013
2501,1.107931674
2502,1.062411088
2503,1.014783004
2504,0.9689792838
2505,0.927579839
2506,0.8920818148
2507,0.8631235075
2508,0.8405912707
2509,0.8236895432
2510,0.8110292677
2511,0.8008000073
2512,0.7910119543
2513,0.7797889559
2514,0.7656669623
2515,0.7478323549
2516,0.7262183346
2517,0.7014244874
2518,0.6745407548
2519,0.6470135584
2520,0.620669613
2521,0.5978925154
2522,0.5818032216
2523,0.57616819
2524,0.5846982321
2525,0.6095899055
2526,0.6500032878
2527,0.7019363861
2528,0.759916905
2529,0.8190645204
2530,0.8761150421
2531,0.9293744426
2532,0.9782227701
2533,1.02262106
2534,1.062759674
2535,1.098846702
2536,1.130969912
2537,1.159013537
2538,1.182650152
2539,1.201433774
2540,1.214970176
2541,1.223095255
2542,1.226011133
2543,1.224378858
2544,1.219403671
2545,1.212895855
2546,1.207241775
2547,1.205143024
2548,1.208997783
2549,1.219978169
2550,1.237066996
2551,1.2564412
2552,1.271889507
2553,1.27677829
2554,1.266702803
2555,1.240844407
2556,1.201317713
2557,1.151619865
2558,1.095381036
2559,1.035749047
2560,0.9752265338
2561,0.915714929
2562,0.8586191025
2563,0.8049538624
2564,0.7554339915
2565,0.7105347296
2566,0.6705126098
2567,0.6353655164
2568,0.604736711
2569,0.5778039012
2570,0.5532864309
2571,0.5296935854
2572,0.5058176495
2573,0.4812203157
2574,0.4563946545
2575,0.4325465059
2576,0.4112872131
2577,0.3945386143
2578,0.3847119834
2579,0.3850003427
2580,0.3994132352
2581,0.4318915189
2582,0.484003193
2583,0.5524515664
2584,0.6293711787
2585,0.7059042422
2586,0.7755682456
2587,0.8351196607
2588,0.8837601733
2589,0.9220714021
2590,0.9512385348
2591,0.972573786
2592,0.9872345297
2593,0.9960824951
2594,0.99967164
2595,0.9983608518
2596,0.9924911902
2597,0.9825463161
2598,0.9692427489
2599,0.9535674662
2600,0.9368245352
2601,0.9207260461
2602,0.9075123133
2603,0.8999890453
2604,0.9012473965
2605,0.9138703719
2606,0.9388019058
2607,0.9743593733
2608,1.015826674
2609,1.05635686
2610,1.089518527
2611,1.111775927
2612,1.122922931
2613,1.124861268
2614,1.120257814
2615,1.111768575
2616,1.101767829
2617,1.092311518
2618,1.08514315
2619,1.081657368
2620,1.082811893
2621,1.089014475
2622,1.100042215
2623,1.115044552
2624,1.132652722
2625,1.151167685
2626,1.168678362
2627,1.182918882
2628,1.190843668
2629,1.18849665
2630,1.172330288
2631,1.141816445
2632,1.100387578
2633,1.05336424
2634,1.005563996
2635,0.9604132204
2636,0.920043762
2637,0.8855884428
2638,0.8573890282
2639,0.8351056092
2640,0.8177867232
2641,0.8039787755
2642,0.7918980181
2643,0.7796779203
2644,0.7656584379
2645,0.7486642244
2646,0.7281925439
2647,0.7044362835
2648,0.6781552776
2649,0.6505010886
2650,0.6229410354
2651,0.5973464029
2652,0.5762004756
2653,0.5627425874
2654,0.5607608138
2655,0.5737125859
2656,0.6031687682
2657,0.6475017478
2658,0.702210751
2659,0.7618237262
2660,0.8217671502
2661,0.8791110995
2662,0.9323878701
2663,0.9810887175
2664,1.025196911
2665,1.064865499
2666,1.100215679
2667,1.131215885
2668,1.157638866
2669,1.179111693
2670,1.195249827
2671,1.20582123
2672,1.210881228
2673,1.210863808
2674,1.206650422
2675,1.199652673
2676,1.191863769
2677,1.185802337
2678,1.184191867
2679,1.189293494
2680,1.201995493
2681,1.220910329
2682,1.241861028
2683,1.258397075
2684,1.26386101
2685,1.254028103
2686,1.228340171
2687,1.189112857
2688,1.139961533
2689,1.084570193
2690,1.026106817
2691,0.9670759887
2692,0.9093691031
2693,0.8543749414
2694,0.8030939279
2695,0.7562314339
2696,0.7142552182
2697,0.6773961541
2698,0.6455776914
2699,0.618291965
2700,0.5944760595
2701,0.5725648083
2702,0.5508370083
2703,0.5280043602
2704,0.5037300261
2705,0.4787349338
2706,0.4544895045
2707,0.4328450085
2708,0.415930224
2709,0.4063411844
2710,0.4074106373
2711,0.4231365764
2712,0.4571133157
2713,0.5101896331
2714,0.5784034261
2715,0.6538544149
2716,0.728253196
2717,0.7957860498
2718,0.8536573102
2719,0.901280618
2720,0.939297239
2721,0.9688699715
2722,0.9912296818
2723,1.00740422
2724,1.018084675
2725,1.02364067
2726,1.024261899
2727,1.020169918
2728,1.011788148
2729,0.999828277
2730,0.9853177646
2731,0.9696352202
2732,0.9545930837
2733,0.9425362858
2734,0.936331632
2735,0.9390102694
2736,0.9529197687
2737,0.9785911217
2738,1.013783481
2739,1.053174487
2740,1.089606207
2741,1.116912585
2742,1.132198627
2743,1.135846806
2744,1.130095707
2745,1.117736182
2746,1.10144718
2747,1.083605697
2748,1.066293123
2749,1.051321433
2750,1.040209384
2751,1.034101022
2752,1.033648442
2753,1.038878642
2754,1.04911698
2755,1.062982323
2756,1.078481025
2757,1.09309622
2758,1.103741147
2759,1.10667762
2760,1.098064475
2761,1.075784472
2762,1.041289517
2763,0.9990467318
2764,0.9541890514
2765,0.910902121
2766,0.8721223083
2767,0.8397736015
2768,0.8149985274
2769,0.7982429188
2770,0.7892456473
2771,0.7870185181
2772,0.789919284
2773,0.7958337194
2774,0.8024347967
2775,0.8074643436
2776,0.8090192105
2777,0.8058309316
2778,0.7974918254
2779,0.7845538627
2780,0.7684899873
2781,0.7516463421
2782,0.7372663301
2783,0.7294621937
2784,0.7326988261
2785,0.7503680132
2786,0.7828810639
2787,0.8269424117
2788,0.8770784435
2789,0.9281218104
2790,0.9766778275
2791,1.021206154
2792,1.061435377
2793,1.097718392
2794,1.13056334
2795,1.160385199
2796,1.187449618
2797,1.211945397
2798,1.234084372
2799,1.25412465
2800,1.272278075
2801,1.288573807
2802,1.302815654
2803,1.314720182
2804,1.324200626
2805,1.331666239
2806,1.338155035
2807,1.345068158
2808,1.353299624
2809,1.361859947
2810,1.366950982
2811,1.362912355
2812,1.345131432
2813,1.312370406
2814,1.26655482
2815,1.211086603
2816,1.149447685
2817,1.084572015
2818,1.018719612
2819,0.9535408115
2820,0.8901826438
2821,0.8293939462
2822,0.7716287407
2823,0.7171421108
2824,0.6660702469
2825,0.6184784525
2826,0.5743752255
2827,0.5337001655
2828,0.4962991783
2829,0.4619098622
2830,0.4301934283
2831,0.4008491252
2832,0.3737810061
2833,0.349224952
2834,0.3277838614
2835,0.3104633133
2836,0.2988216797
2837,0.2952672989
2838,0.3033637531
2839,0.3276668574
2840,0.3721988601
2841,0.4372623949
2842,0.5170586111
2843,0.6016235449
2844,0.6816045107
2845,0.7511667805
2846,0.8079233749
2847,0.8516895585
2848,0.8833804896
2849,0.9043558728
2850,0.9160738083
2851,0.919925706
2852,0.9171619847
2853,0.9088723162
2854,0.8960123716
2855,0.8794637633
2856,0.8601063664
2857,0.8388895436
2858,0.8169144309
2859,0.7955504139
2860,0.7766037626
2861,0.7624936558
2862,0.7562628957
2863,0.7611212514
2864,0.7794115986
2865,0.811481949
2866,0.8550714844
2867,0.9053643626
2868,0.9560619314
2869,1.001583476
2870,1.038987634
2871,1.06819395
2872,1.090928987
2873,1.10955068
2874,1.126296713
2875,1.142918921
2876,1.160540294
2877,1.179619603
2878,1.199986631
2879,1.22097214
2880,1.241611029
2881,1.26091235
2882,1.278127453
2883,1.292967567
2884,1.305726956
2885,1.317212493
2886,1.328348611
2887,1.339303114
2888,1.348255893
2889,1.35063745
2890,1.340770209
2891,1.315812097
2892,1.277576907
2893,1.230368265
2894,1.178307378
2895,1.124240647
2896,1.069756554
2897,1.015556857
2898,0.9618452428
2899,0.9086527374
2900,0.8560582147
2901,0.8042941022
2902,0.7537434636
2903,0.7048658627
2904,0.6581035119
2905,0.6138043324
2906,0.5721742751
2907,0.5332618868
2908,0.4969765622
2909,0.4631585342
2910,0.4317136347
2911,0.4027831976
2912,0.3768745652
2913,0.3549027258
2914,0.3381969695
2915,0.3285615835
2916,0.3283540759
2917,0.3404075022
2918,0.3675598585
2919,0.4116177371
2920,0.4719665226
2921,0.5446983717
2922,0.6232542922
2923,0.700467399
2924,0.7706036187
2925,0.8302435324
2926,0.8780553899
2927,0.914114626
2928,0.9392674468
2929,0.9546948622
2930,0.961656636
2931,0.9613612633
2932,0.9549192187
2933,0.9433587058
2934,0.9276796933
2935,0.9089274896
2936,0.8882642859
2937,0.8670392139
2938,0.8468705974
2939,0.8297207294
2940,0.8179161271
2941,0.8140208997
2942,0.8204738654
2943,0.8389883278
2944,0.8698276087
2945,0.9110622444
2946,0.9580597323
2947,1.004109433
2948,1.042887783
2949,1.071108865
2950,1.089044367
2951,1.099179635
2952,1.104704209
2953,1.108616939
2954,1.113356802
2955,1.120679355
2956,1.131607262
2957,1.146400462
2958,1.16459787
2959,1.185165341
2960,1.206774795
2961,1.228147879
2962,1.248348023
2963,1.266902325
2964,1.283660108
2965,1.298289848
2966,1.309419307
2967,1.313751141
2968,1.30643201
2969,1.283996548
2970,1.247517667
2971,1.2017982
2972,1.152165339
2973,1.102540684
2974,1.055143758
2975,1.010807268
2976,0.9693656703
2977,0.9300155489
2978,0.8916601645
2979,0.8532432599
2980,0.8140320208
2981,0.7737810477
2982,0.7327168292
2983,0.6913833531
2984,0.6504359468
2985,0.610474334
2986,0.571961298
2987,0.5352302152
2988,0.5005740662
2989,0.4683980387
2990,0.4394022641
2991,0.4147354182
2992,0.3960692963
2993,0.3855841796
2994,0.3857988678
2995,0.3990908934
2996,0.4269069666
2997,0.4690371752
2998,0.5234690586
2999,0.586892908
3000,0.6554383325
3001,0.7252146256
3002,0.7926041927
3003,0.8544816794
3004,0.908451976
3005,0.9530239568
3006,0.9876079073
3007,1.012344859
3008,1.02785537
3009,1.035030418
3010,1.034876643
3011,1.02844491
3012,1.016828283
3013,1.001210311
3014,0.9829408723
3015,0.9636135504
3016,0.9451251279
3017,0.9296682816
3018,0.9196011556
3019,0.9171722079
3020,0.924166549
3021,0.9415636111
3022,0.9691811317
3023,1.005137221
3024,1.045119822
3025,1.082343051
3026,1.109576323
3027,1.122532642
3028,1.121396047
3029,1.109457841
3030,1.090994282
3031,1.069980603
3032,1.049676515
3033,1.032621553
3034,1.020714178
3035,1.015233427
3036,1.016771879
3037,1.025135037
3038,1.039313784
3039,1.057612759
3040,1.077936372
3041,1.098056804
3042,1.115661984
3043,1.128121224
3044,1.132225747
3045,1.124534996
3046,1.102940378
3047,1.068628368
3048,1.026132367
3049,0.9812022376
3050,0.9388325819
3051,0.9026278508
3052,0.8748602094
3053,0.856563057
3054,0.8475417113
3055,0.8464516758
3056,0.8510469765
3057,0.8585640603
3058,0.8661095149
3059,0.8709879312
3060,0.8710023595
3061,0.8647597039
3062,0.8518877771
3063,0.8330353796
3064,0.8096563953
3065,0.7837614273
3066,0.7578112007
3067,0.7348060408
3068,0.7184444397
3069,0.7129676929
3070,0.7221341516
3071,0.7472976473
3072,0.7860694703
3073,0.8332731624
3074,0.8834679838
3075,0.9327514713
3076,0.9790162514
3077,1.02136953
3078,1.059496846
3079,1.093319739
3080,1.122965681
3081,1.148894801
3082,1.171971942
3083,1.193315213
3084,1.213917028
3085,1.234212066
3086,1.253868251
3087,1.271963336
3088,1.287448587
3089,1.299665968
3090,1.30872301
3091,1.315619409
3092,1.322067514
3093,1.329823282
3094,1.339496911
3095,1.349299235
3096,1.354822306
3097,1.350633054
3098,1.332880904
3099,1.300828982
3100,1.256448433
3101,1.203041067
3102,1.144032183
3103,1.082295802
3104,1.019924014
3105,0.958261943
3106,0.8980883178
3107,0.839849892
3108,0.7838722116
3109,0.7304742534
3110,0.6799804408
3111,0.6326716701
3112,0.5887247267
3113,0.5481642822
3114,0.5108345802
3115,0.476411165
3116,0.4444949929
3117,0.414791013
3118,0.3872867905
3119,0.3623234403
3120,0.3405894893
3121,0.3231463049
3122,0.3115862138
3123,0.3083017535
3124,0.3166971534
3125,0.3409078099
3126,0.3843642448
3127,0.4471781018
3128,0.5243025964
3129,0.6069499776
3130,0.6863612232
3131,0.7565377103
3132,0.8146290062
3133,0.8600483971
3134,0.8934703572
3135,0.9161343912
3136,0.9294462579
3137,0.9347686127
3138,0.9333247408
3139,0.9261809507
3140,0.914282899
3141,0.8985241827
3142,0.8798145797
3143,0.8591443165
3144,0.8376598481
3145,0.8167747399
3146,0.7983199106
3147,0.7846825888
3148,0.7787748801
3149,0.7836007306
3150,0.8013647701
3151,0.8324769029
3152,0.8748741271
3153,0.9238516391
3154,0.9729707423
3155,1.016354048
3156,1.050869834
3157,1.076480385
3158,1.095108013
3159,1.109358714
3160,1.121723999
3161,1.13421221
3162,1.148205069
3163,1.164407257
3164,1.182844924
3165,1.202958704
3166,1.22377939
3167,1.244196013
3168,1.26325167
3169,1.280393855
3170,1.295612854
3171,1.309360228
3172,1.322122536
3173,1.333550969
3174,1.341287892
3175,1.340534443
3176,1.326190062
3177,1.296739737
3178,1.255192861
3179,1.206376718
3180,1.154423906
3181,1.101978736
3182,1.050354981
3183,0.9999359153
3184,0.9505616838
3185,0.9018693966
3186,0.8535578786
3187,0.8055538799
3188,0.7580538296
3189,0.7114573583
3190,0.6662458587
3191,0.6228636681
3192,0.5816367513
3193,0.5427386634
3194,0.506207895
3195,0.4720234711
3196,0.4402422873
3197,0.4111641899
3198,0.3854687375
3199,0.3642675834
3200,0.3491265235
3201,0.342100227
3202,0.3456912594
3203,0.3625472494
3204,0.394764956
3205,0.4429121052
3206,0.505205002
3207,0.5774087838
3208,0.6536926229
3209,0.728073784
3210,0.7957165224
3211,0.8535556918
3212,0.9002257651
3213,0.9356168785
3214,0.9603816246
3215,0.9755491531
3216,0.9822808291
3217,0.9817310414
3218,0.9749971091
3219,0.9631272042
3220,0.9471737642
3221,0.9282653141
3222,0.9076800841
3223,0.8869212663
3224,0.8677855732
3225,0.8523969543
3226,0.8431407298
3227,0.8424371172
3228,0.8523402404
3229,0.8740151567
3230,0.9071220987
3231,0.9490926558
3232,0.9946302571
3233,1.036635718
3234,1.06907258
3235,1.089527067
3236,1.099206271
3237,1.101259678
3238,1.099244518
3239,1.096344448
3240,1.095106045
3241,1.097375428
3242,1.104267061
3243,1.116120048
3244,1.132505857
3245,1.152343454
3246,1.174167207
3247,1.196482747
3248,1.218069198
3249,1.238067935
3250,1.255750472
3251,1.269918169
3252,1.278093349
3253,1.276196256
3254,1.260109383
3255,1.228994824
3256,1.18655463
3257,1.138564662
3258,1.090061432
3259,1.044343539
3260,1.0030763
3261,0.9666288744
3262,0.9343961471
3263,0.9050898277
3264,0.8770639061
3265,0.8486678203
3266,0.8185987
3267,0.7861594934
3268,0.7513392518
3269,0.7146634251
3270,0.6769454337
3271,0.6390407059
3272,0.6017140167
3273,0.5656355434
3274,0.5314895268
3275,0.5001607463
3276,0.4729488602
3277,0.4517330973
3278,0.438990217
3279,0.4375416503
3280,0.4498609686
3281,0.4770297055
3282,0.5179834864
3283,0.5697596761
3284,0.6285836443
3285,0.6909432857
3286,0.7540759321
3287,0.8159019437
3288,0.8747102136
3289,0.9288903999
3290,0.9768876295
3291,1.017374962
3292,1.049477807
3293,1.072883526
3294,1.087789156
3295,1.094767373
3296,1.094642907
3297,1.088414063
3298,1.077251224
3299,1.062546469
3300,1.045992889
3301,1.029641363
3302,1.015867929
3303,1.007170043
3304,1.005789661
3305,1.013286331
3306,1.030202501
3307,1.055782979
3308,1.087594334
3309,1.121059057
3310,1.149585509
3311,1.166296396
3312,1.166974889
3313,1.151756853
3314,1.124106883
3315,1.08866635
3316,1.04974232
3317,1.010788225
3318,0.9744304032
3319,0.9426513193
3320,0.9169378546
3321,0.8983198775
3322,0.8872818785
3323,0.8835834356
3324,0.88609214
3325,0.8927506099
3326,0.9007496166
3327,0.9068209049
3328,0.9075841962
3329,0.9000613184
3330,0.8825078975
3331,0.8552987842
3332,0.8210890527
3333,0.7839415935
3334,0.7481585271
3335,0.7176589806
3336,0.6959058547
3337,0.6858720605
3338,0.6896508121
3339,0.7077386821
3340,0.7385426626
3341,0.7786876311
3342,0.8240868693
3343,0.8710507732
3344,0.9168530032
3345,0.9597288637
3346,0.998602025
3347,1.032844343
3348,1.062253216
3349,1.08722438
3350,1.108955377
3351,1.129384385
3352,1.150602271
3353,1.173756852
3354,1.198150177
3355,1.221523617
3356,1.241476941
3357,1.256722602
3358,1.267439227
3359,1.274972637
3360,1.281345295
3361,1.28865501
3362,1.298359944
3363,1.310503737
3364,1.323132025
3365,1.332373047
3366,1.333570402
3367,1.323123675
3368,1.299850199
3369,1.265018416
3370,1.2213553
3371,1.171894074
3372,1.119159309
3373,1.064793352
3374,1.009573893
3375,0.9537743783
3376,0.8977062222
3377,0.842062643
3378,0.7878352255
3379,0.7359942502
3380,0.6872463117
3381,0.6419453999
3382,0.6000994638
3383,0.5614275026
3384,0.5254638598
3385,0.4917337319
3386,0.4599500289
3387,0.4301493369
3388,0.4027006734
3389,0.3782590057
3390,0.357741473
3391,0.3423973716
3392,0.3339537362
3393,0.3347487516
3394,0.347691137
3395,0.3758005955
3396,0.4211182834
3397,0.4831131495
3398,0.5574910151
3399,0.636855907
3400,0.7133707681
3401,0.7813232736
3402,0.837873461
3403,0.8823911267
3404,0.9154890567
3405,0.9383107137
3406,0.9521211053
3407,0.9581159364
3408,0.9573697764
3409,0.9508619025
3410,0.9395342709
3411,0.9243450207
3412,0.9063149788
3413,0.8865742723
3414,0.866427813
3415,0.8474429376
3416,0.8315420599
3417,0.8210394569
3418,0.8185292299
3419,0.826508615
3420,0.8467005985
3421,0.8791844871
3422,0.9215653901
3423,0.9686565511
3424,1.013645052
3425,1.050812524
3426,1.077686491
3427,1.094968313
3428,1.105133804
3429,1.11114589
3430,1.115749082
3431,1.121176162
3432,1.129032316
3433,1.14023673
3434,1.154993525
3435,1.172846358
3436,1.192826866
3437,1.21371411
3438,1.234340151
3439,1.25384321
3440,1.271767114
3441,1.287887283
3442,1.30168224
3443,1.311435123
3444,1.313448482
3445,1.302878597
3446,1.277032996
3447,1.23787242
3448,1.190424849
3449,1.13972696
3450,1.089330267
3451,1.041197867
3452,0.9960389399
3453,0.9536720346
3454,0.9133577423
3455,0.8741092624
3456,0.8349969095
3457,0.7953933959
3458,0.7551045148
3459,0.7143431844
3460,0.6735914897
3461,0.6334232603
3462,0.594362829
3463,0.5568188754
3464,0.5210986309
3465,0.4875021573
3466,0.4564784667
3467,0.4288087805
3468,0.4057496969
3469,0.3891010259
3470,0.381189716
3471,0.3846720465
3472,0.4019722343
3473,0.4343855765
3474,0.4813046308
3475,0.5401417456
3476,0.6069901641
3477,0.677514639
3478,0.7475967912
3479,0.8136766849
3480,0.8729450353
3481,0.9234723527
3482,0.9642372252
3483,0.9950217357
3484,1.016200516
3485,1.028520303
3486,1.032920472
3487,1.03041422
3488,1.02204484
3489,1.008901048
3490,0.9921751908
3491,0.9732445409
3492,0.9537535675
3493,0.9356718677
3494,0.921276473
3495,0.9129923751
3496,0.913072337
3497,0.9231951239
3498,0.9440732834
3499,0.9750259381
3500,1.013347147
3501,1.053709011
3502,1.088791787
3503,1.11206578
3504,1.120815941
3505,1.116506367
3506,1.102907073
3507,1.084219305
3508,1.064149735
3509,1.045681352
3510,1.031114067
3511,1.022127938
3512,1.01977148
3513,1.024379944
3514,1.035485134
3515,1.05183469
3516,1.071588414
3517,1.092619434
3518,1.112734589
3519,1.129617266
3520,1.140506118
3521,1.141988977
3522,1.13068445
3523,1.105210293
3524,1.067890239
3525,1.023962497
3526,0.9791398629
3527,0.9380105848
3528,0.9037214108
3529,0.8781036088
3530,0.8617551123
3531,0.8540802345
3532,0.853425216
3533,0.8573756287
3534,0.8631362187
3535,0.8678900479
3536,0.869118592
3537,0.8649172057
3538,0.8542905989
3539,0.8372897576
3540,0.814900954
3541,0.7887725896
3542,0.7609938739
3543,0.734061098
3544,0.7110289967
3545,0.6956598126
3546,0.6921457117
3547,0.7039003561
3548,0.7316456253
3549,0.7724233564
3550,0.8209070444
3551,0.871860178
3552,0.9216431471
3553,0.9682984106
3554,1.010971873
3555,1.049368369
3556,1.083490637
3557,1.113634304
3558,1.140456288
3559,1.164930513
3560,1.188075337
3561,1.210533183
3562,1.232235948
3563,1.252422023
3564,1.269980374
3565,1.283973655
3566,1.29407316
3567,1.300805234
3568,1.305587004
3569,1.310469267
3570,1.31743603
3571,1.327234634
3572,1.338219943
3573,1.346100975
3574,1.3453453
3575,1.331654925
3576,1.303690746
3577,1.262950638
3578,1.212505234
3579,1.155710472
3580,1.09543879
3581,1.033806116
3582,0.9722171603
3583,0.9115736278
3584,0.852513211
3585,0.7955823414
3586,0.7412930461
3587,0.6900978133
3588,0.6423363603
3589,0.5981894815
3590,0.5576461821
3591,0.5204815446
3592,0.4862747217
3593,0.4545221702
3594,0.4248392624
3595,0.3971583667
3596,0.3717969618
3597,0.3494236108
3598,0.3310501136
3599,0.3181501282
3600,0.312900315
3601,0.3184170471
3602,0.33864672
3603,0.3773095152
3604,0.4355667787
3605,0.5097199359
3606,0.5916148195
3607,0.6721027611
3608,0.7443757207
3609,0.8049305967
3610,0.8528270115
3611,0.8885971437
3612,0.9134489543
3613,0.9287972704
3614,0.9360186676
3615,0.9363405266
3616,0.9308177649
3617,0.9203746707
3618,0.9058789429
3619,0.8882141652
3620,0.8683408782
3621,0.8473637839
3622,0.8266262858
3623,0.8078473003
3624,0.793262754
3625,0.7856513481
3626,0.7880270088
3627,0.8028585203
3628,0.8310481732
3629,0.8711156208
3630,0.918869604
3631,0.9680510262
3632,1.012450112
3633,1.048301317
3634,1.07501946
3635,1.09423138
3636,1.108466816
3637,1.120267081
3638,1.131762412
3639,1.144504009
3640,1.159395596
3641,1.176675578
3642,1.195964975
3643,1.216412658
3644,1.23693445
3645,1.256500925
3646,1.274407142
3647,1.290446559
3648,1.304887828
3649,1.318136079
3650,1.329958188
3651,1.338345456
3652,1.338855597
3653,1.326281405
3654,1.298491674
3655,1.258012501
3656,1.209651182
3657,1.157772524
3658,1.105281093
3659,1.053696201
3660,1.00352837
3661,0.9546657718
3662,0.9067141556
3663,0.8592743228
3664,0.8121409788
3665,0.7653854506
3666,0.7193232009
3667,0.674403123
3668,0.6310830096
3669,0.5897311538
3670,0.5505767572
3671,0.5137122719
3672,0.4791553539
3673,0.4469739674
3674,0.4174479842
3675,0.3912217321
3676,0.3693747285
3677,0.3534522866
3678,0.3454985904
3679,0.3480195104
3680,0.3636837394
3681,0.3946256736
3682,0.4414661957
3683,0.5025180329
3684,0.5737134078
3685,0.6494323351
3686,0.723842417
3687,0.7921109993
3688,0.8510386161
3689,0.8990656868
3690,0.9359069879
3691,0.9620842511
3692,0.9785507858
3693,0.9864301805
3694,0.986865574
3695,0.9809561947
3696,0.9697554868
3697,0.9543163833
3698,0.9357618662
3699,0.9153617778
3700,0.8946075411
3701,0.8752856818
3702,0.8595126841
3703,0.8496730274
3704,0.8481949624
3705,0.8571554789
3706,0.8777733997
3707,0.9098238411
3708,0.9509365513
3709,0.9960292127
3710,1.038031526
3711,1.070633685
3712,1.091042836
3713,1.100242257
3714,1.101351578
3715,1.098004489
3716,1.093493837
3717,1.090480435
3718,1.090929895
3719,1.096087694
3720,1.106435338
3721,1.121670159
3722,1.140800929
3723,1.162373501
3724,1.184826408
3725,1.206811629
3726,1.227321935
3727,1.245496389
3728,1.260055363
3729,1.268522558
3730,1.266899954
3731,1.251138244
3732,1.220351731
3733,1.178182237
3734,1.13044003
3735,1.082271211
3736,1.037100098
3737,0.9967058853
3738,0.9615449986
3739,0.9310572268
3740,0.9039410818
3741,0.8784679255
3742,0.8528309455
3743,0.8255124613
3744,0.7955866661
3745,0.7628516012
3746,0.7277401995
3747,0.691064984
3748,0.6537498284
3749,0.6166598331
3750,0.58057198
3751,0.5462718841
3752,0.5147390465
3753,0.4873720581
3754,0.4661650564
3755,0.4537237936
3756,0.4529669661
3757,0.4663407404
3758,0.4946971777
3759,0.5365915176
3760,0.5887070264
3761,0.6471008296
3762,0.7083079356
3763,0.7697767614
3764,0.829741497
3765,0.8868516035
3766,0.9398263214
3767,0.9873145107
3768,1.028009917
3769,1.060903208
3770,1.085471745
3771,1.10171367
3772,1.110050433
3773,1.111212827
3774,1.106153668
3775,1.096034396
3776,1.082268971
3777,1.066597797
3778,1.05114065
3779,1.038343027
3780,1.030738844
3781,1.030533098
3782,1.039152605
3783,1.056903438
3784,1.082694334
3785,1.113675561
3786,1.144911556
3787,1.169769671
3788,1.18179265
3789,1.177404355
3790,1.157207911
3791,1.124857649
3792,1.085001064
3793,1.041877763
3794,0.9988482131
3795,0.95843917
3796,0.9225383408
3797,0.8925561996
3798,0.8694818555
3799,0.8538108405
3800,0.8453649229
3801,0.8430894359
3802,0.8449813344
3803,0.8482283445
3804,0.8495533403
3805,0.8456983823
3806,0.8340831689
3807,0.8136118452
3808,0.7852397895
3809,0.7517577013
3810,0.7168987518
3811,0.6844870673
3812,0.6581192269
3813,0.6412037414
3814,0.6368802789
3815,0.6474464165
3816,0.6733660261
3817,0.7125962052
3818,0.7610396339
3819,0.813973338
3820,0.8674220721
3821,0.9187572843
3822,0.9665912698
3823,1.010367147
3824,1.049973607
3825,1.085550386
3826,1.117493912
3827,1.146500798
3828,1.173417992
3829,1.198750272
3830,1.222106634
3831,1.242197212
3832,1.257562279
3833,1.26743091
3834,1.272105232
3835,1.272882038
3836,1.271809792
3837,1.271358297
3838,1.273937624
3839,1.281183101
3840,1.293055292
3841,1.307097528
3842,1.318410738
3843,1.321040293
3844,1.310372422
3845,1.284857021
3846,1.245912215
3847,1.196613824
3848,1.140370857
3849,1.080127358
3850,1.018095597
3851,0.9558452045
3852,0.8945545333
3853,0.8352276519
3854,0.7787558878
3855,0.7258645229
3856,0.6770494721
3857,0.6325497867
3858,0.5923310163
3859,0.5560644967
3860,0.5231323158
3861,0.4927199563
3862,0.4640356425
3863,0.4365957545
3864,0.4104179823
3865,0.3860221336
3866,0.3643160461
3867,0.3465486496
3868,0.3344302672
3869,0.3303954349
3870,0.3378389772
3871,0.3609092366
3872,0.4031734966
3873,0.4649563863
3874,0.5412058033
3875,0.6228160138
3876,0.7007780578
3877,0.7692015242
3878,0.8255870523
3879,0.8697133289
3880,0.9025182124
3881,0.9253748381
3882,0.9396992978
3883,0.9467546731
3884,0.9475819292
3885,0.9430230766
3886,0.9338077342
3887,0.92065503
3888,0.9043573351
3889,0.8858393443
3890,0.8662168681
3891,0.8468919555
3892,0.8296867177
3893,0.8169794678
3894,0.8116866811
3895,0.8168493476
3896,0.8347141195
3897,0.8656318711
3898,0.907289095
3899,0.9546191198
3900,1.001017732
3901,1.040832464
3902,1.071335102
3903,1.09275091
3904,1.107049506
3905,1.116770871
3906,1.124352423
3907,1.13184523
3908,1.140807986
3909,1.152249003
3910,1.16657933
3911,1.183608338
3912,1.202633794
3913,1.222622552
3914,1.242482293
3915,1.261334097
3916,1.278688929
3917,1.294398914
3918,1.30820891
3919,1.318849897
3920,1.323057628
3921,1.315906858
3922,1.293766307
3923,1.257376466
3924,1.211095828
3925,1.15991579
3926,1.107634875
3927,1.056543854
3928,1.007705935
3929,0.9613094226
3930,0.9169842036
3931,0.8740721779
3932,0.8318804681
3933,0.7898946205
3934,0.7479074917
3935,0.7060352117
3936,0.6646291891
3937,0.6241428056
3938,0.5850063254
3939,0.5475525036
3940,0.5120131663
3941,0.4785937096
3942,0.4476150821
3943,0.4196926463
3944,0.3958763852
3945,0.3777292247
3946,0.3673631403
3947,0.3673853813
3948,0.3805555628
3949,0.4089955165
3950,0.4531537158
3951,0.5111557261
3952,0.5790600353
3953,0.6518513015
3954,0.7245348629
3955,0.7928829587
3956,0.8537830268
3957,0.9053024259
3958,0.9465696851
3959,0.9775434531
3960,0.9987449284
3961,1.011024172
3962,1.015379128
3963,1.012849308
3964,1.004473082
3965,0.991301283
3966,0.9744544815
3967,0.9552018774
3968,0.9350438974
3969,0.9157927141
3970,0.8996075848
3971,0.8889202711
3972,0.8861824947
3973,0.8934505083
3974,0.9119096577
3975,0.9413744672
3976,0.9796903005
3977,1.022085455
3978,1.061514648
3979,1.091088267
3980,1.107205061
3981,1.110446287
3982,1.104036582
3983,1.091961486
3984,1.077901432
3985,1.064883497
3986,1.055252591
3987,1.050700909
3988,1.052251162
3989,1.060181335
3990,1.073982368
3991,1.092419866
3992,1.113770563
3993,1.136158191
3994,1.157796261
3995,1.176941691
3996,1.191490281
3997,1.198442855
3998,1.193963759
3999,1.17502247
4000,1.142014263
4001,1.099294564
4002,1.052809672
4003,1.007705412
4004,0.9675282217
4005,0.9343118753
4006,0.9087888342
4007,0.8905543796
4008,0.8782363175
4009,0.86975448
4010,0.8626440991
4011,0.8544154556
4012,0.8429264549
4013,0.8267333257
4014,0.8053206758
4015,0.7790813256
4016,0.7490694716
4017,0.7166784469
4018,0.6834390746
4019,0.6510145799
4020,0.6213728275
4021,0.5970434238
4022,0.581266308
4023,0.5777061453
4024,0.5893949524
4025,0.6171158285
4026,0.6584854701
4027,0.7088371618
4028,0.7632081167
4029,0.8177862344
4030,0.8702512897
4031,0.9194856303
4032,0.9651790353
4033,1.007513984
4034,1.046901094
4035,1.08368627
4036,1.117844359
4037,1.148819002
4038,1.175627845
4039,1.197207409
4040,1.21278239
4041,1.222091914
4042,1.225468654
4043,1.223845156
4044,1.218768509
4045,1.212391567
4046,1.207347854
4047,1.206346401
4048,1.211472625
4049,1.223382694
4050,1.240694577
4051,1.259782824
4052,1.275308068
4053,1.281680882
4054,1.274895559
4055,1.253589479
4056,1.218800995
4057,1.17301927
4058,1.119284881
4059,1.060639976
4060,0.9998351538
4061,0.9391731589
4062,0.8804499311
4063,0.8249816
4064,0.7736808957
4065,0.7271345116
4066,0.685637686
4067,0.6491609786
4068,0.6172644131
4069,0.589016528
4070,0.5630748124
4071,0.53800114
4072,0.5127335599
4073,0.4869549925
4074,0.4611432953
4075,0.4363441031
4076,0.4139155993
4077,0.395455644
4078,0.3829597004
4079,0.3791270215
4080,0.3875926038
4081,0.4125556564
4082,0.4570374798
4083,0.5200048442
4084,0.5950690769
4085,0.6730982789
4086,0.7463258244
4087,0.8102894044
4088,0.8634308875
4089,0.9059614056
4090,0.9389110133
4091,0.9635358334
4092,0.9809739587
4093,0.9920926444
4094,0.9974814941
4095,0.9975650403
4096,0.9927590565
4097,0.9835991351
4098,0.9708094981
4099,0.9553311698
4100,0.938355738
4101,0.921407018
4102,0.9064662565
4103,0.8960868671
4104,0.8932985999
4105,0.901035598
4106,0.9210704295
4107,0.9528910958
4108,0.9930117912
4109,1.035255874
4110,1.072681413
4111,1.100343611
4112,1.116664678
4113,1.122774233
4114,1.121115731
4115,1.114439338
4116,1.105335569
4117,1.096091111
4118,1.088650414
4119,1.084574337
4120,1.084966492
4121,1.090379502
4122,1.100736597
4123,1.115336077
4124,1.132940609
4125,1.151969724
4126,1.170672057
4127,1.187092047
4128,1.19869831
4129,1.201936613
4130,1.192730894
4131,1.168779738
4132,1.131762275
4133,1.086499319
4134,1.038280759
4135,0.9912338042
4136,0.9480773748
4137,0.9103785694
4138,0.8788004046
4139,0.8532473914
4140,0.8329511798
4141,0.8165814495
4142,0.8024173956
4143,0.7885928468
4144,0.7733862018
4145,0.7555082177
4146,0.7343096474
4147,0.7098352888
4148,0.6827067564
4149,0.6539372257
4150,0.6247998299
4151,0.5968556781
4152,0.5721340112
4153,0.5533448591
4154,0.543910777
4155,0.5475328778
4156,0.5670415343
4157,0.6028138167
4158,0.6520052682
4159,0.709569753
4160,0.7702927067
4161,0.8302346313
4162,0.8870524485
4163,0.9396494669
4164,0.9876767447
4165,1.031127635
4166,1.0700617
4167,1.104433034
4168,1.134011417
4169,1.158409604
4170,1.177207758
4171,1.190118314
4172,1.197121029
4173,1.198541839
4174,1.195105972
4175,1.187994164
4176,1.178913018
4177,1.170123252
4178,1.164303738
4179,1.164125716
4180,1.171520488
4181,1.186812503
4182,1.207959962
4183,1.230224827
4184,1.246920639
4185,1.251609578
4186,1.240586285
4187,1.213791739
4188,1.173853467
4189,1.124519068
4190,1.069507199
4191,1.01197958
4192,0.9544162346
4193,0.8986747746
4194,0.846110107
4195,0.7976965191
4196,0.7541201247
4197,0.7158211858
4198,0.6829592739
4199,0.6553021477
4200,0.6320617608
4201,0.6118033931
4202,0.592604224
4203,0.5725481974
4204,0.5504038661
4205,0.5261073363
4206,0.5007348583
4207,0.4760762783
4208,0.4542374735
4209,0.437573751
4210,0.4289097557
4211,0.431767346
4212,0.450113903
4213,0.487006597
4214,0.5422183974
4215,0.6108094226
4216,0.6847842577
4217,0.756577648
4218,0.8212685196
4219,0.876700576
4220,0.9226264313
4221,0.9598139813
4222,0.9894147743
4223,1.012550455
4224,1.030063192
4225,1.042416136
4226,1.049749989
4227,1.052077151
4228,1.049515166
4229,1.042458473
4230,1.03164726
4231,1.018184715
4232,1.003562561
4233,0.9897377749
4234,0.9792039848
4235,0.9749066097
4236,0.9797670328
4237,0.9957446916
4238,1.022686387
4239,1.057446473
4240,1.093866579
4241,1.124608829
4242,1.144204833
4243,1.150804054
4244,1.145557848
4245,1.131059373
4246,1.110181308
4247,1.085578255
4248,1.059587398
4249,1.034265073
4250,1.011419025
4251,0.9925925156
4252,0.9789980931
4253,0.9714071455
4254,0.9700017097
4255,0.9742298118
4256,0.9826945671
4257,0.9931486345
4258,1.00255771
4259,1.007232152
4260,1.003244354
4261,0.9876255534
4262,0.9601317061
4263,0.9237590594
4264,0.8831930459
4265,0.8428927218
4266,0.8063204378
4267,0.7760178239
4268,0.7538487774
4269,0.7410961946
4270,0.7383705402
4271,0.7454264492
4272,0.761061104
4273,0.7832372936
4274,0.8094245656
4275,0.8369982194
4276,0.8635384468
4277,0.8870036115
4278,0.9058743523
4279,0.9193688388
4280,0.9277376833
4281,0.9325152901
4282,0.9366147473
4283,0.9440313971
4284,0.9587871124
4285,0.9830423027
4286,1.015592771
4287,1.052474907
4288,1.089254554
4289,1.122888666
4290,1.152183603
4291,1.177365983
4292,1.1994466
4293,1.219645964
4294,1.238929357
4295,1.257649213
4296,1.275380836
4297,1.291019698
4298,1.303189814
4299,1.310835665
4300,1.313719721
4301,1.312540458
4302,1.308606785
4303,1.30324616
4304,1.297176743
4305,1.290030176
4306,1.280091141
4307,1.26438942
4308,1.239573528
4309,1.203659889
4310,1.157320499
4311,1.103325587
4312,1.044988066
4313,0.9850642963
4314,0.9254366615
4315,0.8672242646
4316,0.8110242631
4317,0.7571500559
4318,0.705817347
4319,0.6572501551
4320,0.6117062386
4321,0.5694471681
4322,0.5306866095
4323,0.4955428669
4324,0.4640108889
4325,0.4359618401
4326,0.4111847388
4327,0.3894797393
4328,0.370802874
4329,0.3554566752
4330,0.3443323446
4331,0.3391822152
4332,0.3428459852
4333,0.3592114187
4334,0.392392837
4335,0.4446121584
4336,0.5136247268
4337,0.5923598584
4338,0.6718803943
4339,0.7448990003
4340,0.8071972679
4341,0.8571952822
4342,0.8949803753
4343,0.9215096202
4344,0.9381231216
4345,0.946270677
4346,0.9473694468
4347,0.9427323671
4348,0.9335321996
4349,0.9207984119
4350,0.9054402133
4351,0.8883040114
4352,0.87026678
4353,0.8523708716
4354,0.835996173
4355,0.8230380702
4356,0.8159944423
4357,0.8177630855
4358,0.8309565233
4359,0.8568637561
4360,0.8944909448
4361,0.9400217846
4362,0.9872350508
4363,1.029583817
4364,1.062911292
4365,1.086508199
4366,1.102156164
4367,1.112636769
4368,1.120707429
4369,1.12862465
4370,1.13798784
4371,1.149728012
4372,1.164154136
4373,1.181043
4374,1.19976521
4375,1.219439052
4376,1.239119266
4377,1.257990908
4378,1.275519338
4379,1.291469018
4380,1.305630212
4381,1.317139287
4382,1.323480025
4383,1.320158828
4384,1.302710414
4385,1.270289998
4386,1.22644506
4387,1.176358111
4388,1.124337515
4389,1.073075652
4390,1.023849534
4391,0.9769323072
4392,0.931979509
4393,0.8883609419
4394,0.8454332166
4395,0.802736988
4396,0.7601001216
4397,0.7176384379
4398,0.6756771164
4399,0.6346373692
4400,0.5949315572
4401,0.556893829
4402,0.5207627289
4403,0.4867281958
4404,0.4550472099
4405,0.4262082904
4406,0.4010976725
4407,0.3811051638
4408,0.368170221
4409,0.3647534036
4410,0.3735873166
4411,0.3970340068
4412,0.4361313246
4413,0.489817025
4414,0.5548679842
4415,0.6266073132
4416,0.6999368844
4417,0.7702286825
4418,0.8338793481
4419,0.8885237033
4420,0.9329752031
4421,0.9669945409
4422,0.9909909854
4423,1.00576613
4424,1.012306126
4425,1.011658325
4426,1.004870107
4427,0.9929874911
4428,0.9771008603
4429,0.9584210017
4430,0.9383633017
4431,0.9186318484
4432,0.9012698068
4433,0.8886230898
4434,0.8831481148
4435,0.8870531474
4436,0.901851113
4437,0.9278890301
4438,0.9637763417
4439,1.005678136
4440,1.047154833
4441,1.080903525
4442,1.10201266
4443,1.109788939
4444,1.106803857
4445,1.096928671
4446,1.08398066
4447,1.071189197
4448,1.061096441
4449,1.055580211
4450,1.055851246
4451,1.062398778
4452,1.074926935
4453,1.092387252
4454,1.113177423
4455,1.13546335
4456,1.157474189
4457,1.177555027
4458,1.193859102
4459,1.203788437
4460,1.203710324
4461,1.189973012
4462,1.161487618
4463,1.121367219
4464,1.075340607
4465,1.028991575
4466,0.9864086215
4467,0.9500819836
4468,0.9211302121
4469,0.8994848461
4470,0.8840698017
4471,0.8730243244
4472,0.864013189
4473,0.854577293
4474,0.842507708
4475,0.826208393
4476,0.8049592715
4477,0.7789581941
4478,0.7491056904
4479,0.7166893678
4480,0.6831406885
4481,0.649978749
4482,0.6189384056
4483,0.592215884
4484,0.5726913411
4485,0.5638657935
4486,0.5691585637
4487,0.5904646699
4488,0.6267758255
4489,0.6742547569
4490,0.7279027992
4491,0.7833538975
4492,0.8376685949
4493,0.8892574854
4494,0.9375003738
4495,0.9823799117
4496,1.024175097
4497,1.063156539
4498,1.099281006
4499,1.132018937
4500,1.160425163
4501,1.183456217
4502,1.20032278
4503,1.210719703
4504,1.214894619
4505,1.213650682
4506,1.208349914
4507,1.200933945
4508,1.193876343
4509,1.189930911
4510,1.191570328
4511,1.200238717
4512,1.215658812
4513,1.235423596
4514,1.255045067
4515,1.268816337
4516,1.271486944
4517,1.259917039
4518,1.233677929
4519,1.194510169
4520,1.145342623
4521,1.089476625
4522,1.030060104
4523,0.9697929811
4524,0.9108069593
4525,0.8546792609
4526,0.8025215602
4527,0.755079673
4528,0.71279605
4529,0.6757981137
4530,0.6438155268
4531,0.6160616169
4532,0.5912202776
4533,0.5676638359
4534,0.5439189083
4535,0.519167663
4536,0.4935008518
4537,0.4677950323
4538,0.4433994109
4539,0.4219097499
4540,0.4051902567
4541,0.3956186714
4542,0.3963975113
4543,0.4115648793
4544,0.445001159
4545,0.4979722049
4546,0.5667100994
4547,0.6431100658
4548,0.718531718
4549,0.786948728
4550,0.8455242621
4551,0.8937087726
4552,0.9321822405
4553,0.9620979861
4554,0.9846245877
4555,1.000694051
4556,1.010924154
4557,1.015685033
4558,1.015260397
4559,1.010015513
4560,1.000506822
4561,0.9875281131
4562,0.9721306024
4563,0.9556676269
4564,0.9398935254
4565,0.9270912597
4566,0.920103851
4567,0.9220178564
4568,0.9353131469
4569,0.9606996043
4570,0.996143275
4571,1.036555734
4572,1.074902372
4573,1.104877521
4574,1.123235929
4575,1.130012015
4576,1.127237549
4577,1.11766087
4578,1.104032206
4579,1.088849021
4580,1.074301968
4581,1.062260277
4582,1.05423097
4583,1.051280675
4584,1.053931358
4585,1.062063444
4586,1.07488238
4587,1.090968606
4588,1.108421236
4589,1.124956072
4590,1.137806972
4591,1.143472391
4592,1.137963903
4593,1.118479297
4594,1.085662915
4595,1.043648036
4596,0.9977369554
4597,0.9524405234
4598,0.9109519762
4599,0.8753332923
4600,0.8467641533
4601,0.8256618072
4602,0.8117058857
4603,0.803860507
4604,0.8004703561
4605,0.7994580152
4606,0.7985872466
4607,0.7957586371
4608,0.7893091637
4609,0.7782754276
4610,0.762545003
4611,0.7428266435
4612,0.7205261597
4613,0.697651444
4614,0.6768689124
4615,0.6616321511
4616,0.6560711833
4617,0.6642051172
4618,0.6883207023
4619,0.7273696522
4620,0.7770125761
4621,0.8316035128
4622,0.8863793388
4623,0.9383991991
4624,0.9863542752
4625,1.029970074
4626,1.069459258
4627,1.105184045
4628,1.137504386
4629,1.166734109
4630,1.193114978
4631,1.216751802
4632,1.237531122
4633,1.255109197
4634,1.269033814
4635,1.278974802
4636,1.284982722
4637,1.287698438
4638,1.288485012
4639,1.289372901
4640,1.292672779
4641,1.300105871
4642,1.311548109
4643,1.323997231
4644,1.331773599
4645,1.328655996
4646,1.310753235
4647,1.277762954
4648,1.232083502
4649,1.177213341
4650,1.116589908
4651,1.053073052
4652,0.9888386533
4653,0.9254601369
4654,0.8640491454
4655,0.8053905391
4656,0.7500403398
4657,0.6983846531
4658,0.6506649605
4659,0.6069808233
4660,0.5672684771
4661,0.5312610651
4662,0.498459474
4663,0.4681859914
4664,0.4397733112
4665,0.4128420248
4666,0.3874964848
4667,0.3643247435
4668,0.3443092446
4669,0.3288365423
4670,0.3198961885
4671,0.3204024241
4672,0.334362624
4673,0.3662401451
4674,0.4187184038
4675,0.4895596679
4676,0.5708956562
4677,0.6527543739
4678,0.7273318692
4679,0.7904964344
4680,0.8410308943
4681,0.8793882741
4682,0.9067788442
4683,0.9246521821
4684,0.9344250909
4685,0.9373452375
4686,0.9344468887
4687,0.9265783645
4688,0.9144886174
4689,0.8989270255
4690,0.8807246947
4691,0.8608592674
4692,0.8405337752
4693,0.8212998899
4694,0.8052230194
4695,0.7949998826
4696,0.7937937558
4697,0.8045236729
4698,0.8287255877
4699,0.8655667639
4700,0.9114374132
4701,0.9604145592
4702,1.00609391
4703,1.044030135
4704,1.072875217
4705,1.093724237
4706,1.108840763
4707,1.12068849
4708,1.131443681
4709,1.142801778
4710,1.15590598
4711,1.171308429
4712,1.18896495
4713,1.208304472
4714,1.228391436
4715,1.248177913
4716,1.266780635
4717,1.283714519
4718,1.298977752
4719,1.312841369
4720,1.32519627
4721,1.334464632
4722,1.336712145
4723,1.326706895
4724,1.301500516
4725,1.262779329
4726,1.215134154
4727,1.163172034
4728,1.110165049
4729,1.05796974
4730,1.007362423
4731,0.9584085692
4732,0.9107821457
4733,0.8640384674
4734,0.8178306777
4735,0.7720431799
4736,0.7268207786
4737,0.6825039523
4738,0.6395139475
4739,0.5982428109
4740,0.5589782174
4741,0.5218789096
4742,0.4870122664
4743,0.4544606917
4744,0.4244790036
4745,0.397658013
4746,0.3750209699
4747,0.358070403
4748,0.3488309146
4749,0.3498351249
4750,0.3638527908
4751,0.3931863862
4752,0.4386252725
4753,0.4985794208
4754,0.5690180523
4755,0.6443694048
4756,0.7188773583
4757,0.787747832
4758,0.8477247921
4759,0.8971126636
4760,0.9354634723
4761,0.9631631501
4762,0.9810695222
4763,0.990252429
4764,0.9918329514
4765,0.9869036263
4766,0.9765156459
4767,0.9617147114
4768,0.9436075065
4769,0.9234393078
4770,0.9026749703
4771,0.883075878
4772,0.8667484209
4773,0.8560947349
4774,0.8535926888
4775,0.861391569
4776,0.8807970404
4777,0.9117004548
4778,0.9519117088
4779,0.9965650454
4780,1.038654192
4781,1.07161512
4782,1.092235423
4783,1.101206597
4784,1.101570751
4785,1.097018578
4786,1.09094829
4787,1.086136917
4788,1.084674154
4789,1.087944064
4790,1.096586185
4791,1.110455471
4792,1.128678031
4793,1.14984335
4794,1.172338595
4795,1.19468837
4796,1.215729842
4797,1.234467096
4798,1.249547454
4799,1.258511609
4800,1.257444497
4801,1.242331408
4802,1.212174911
4803,1.170486894
4804,1.12308807
4805,1.075246294
4806,1.030538226
4807,0.99088716
4808,0.9568691017
4809,0.9280009395
4810,0.902999553
4811,0.8800811592
4812,0.8573012291
4813,0.8329276069
4814,0.8057786696
4815,0.775422558
4816,0.742148183
4817,0.7067347286
4818,0.6701620903
4819,0.6333982281
4820,0.5973350735
4821,0.5628671828
4822,0.5310758079
4823,0.50345977
4824,0.4821252585
4825,0.469800901
4826,0.4694980709
4827,0.4836417801
4828,0.5128775898
4829,0.5554231211
4830,0.6076528973
4831,0.6654789821
4832,0.7254732587
4833,0.7852552153
4834,0.8433228579
4835,0.8986521723
4836,0.9502986901
4837,0.997164305
4838,1.038026685
4839,1.071776218
4840,1.097679995
4841,1.115503965
4842,1.125483014
4843,1.128222391
4844,1.124607449
4845,1.115776765
4846,1.103155164
4847,1.088524058
4848,1.074063872
4849,1.062283962
4850,1.055750845
4851,1.056632063
4852,1.066221073
4853,1.084582875
4854,1.110275344
4855,1.140031236
4856,1.168611302
4857,1.189463368
4858,1.196666931
4859,1.187309012
4860,1.162387611
4861,1.125645635
4862,1.08166916
4863,1.034600966
4864,0.987701286
4865,0.9433971312
4866,0.9034787852
4867,0.8692710429
4868,0.8417058125
4869,0.8212671815
4870,0.8078202371
4871,0.8004028194
4872,0.7971065704
4873,0.7952058693
4874,0.7915435315
4875,0.7831219708
4876,0.7678327718
4877,0.7451484677
4878,0.7163759178
4879,0.6842235602
4880,0.6520082234
4881,0.6230983042
4882,0.6008198981
4883,0.5885737074
4884,0.5897049092
4885,0.6067378809
4886,0.6400722281
4887,0.6871151219
4888,0.7429307444
4889,0.802099954
4890,0.8603537943
4891,0.9151515102
4892,0.9654301019
4893,1.011056986
4894,1.052329548
4895,1.089651273
4896,1.123383555
4897,1.153772016
4898,1.180818537
4899,1.204103641
4900,1.222793735
4901,1.235988517
4902,1.24322811
4903,1.244807829
4904,1.24180911
4905,1.236003104
4906,1.22972582
4907,1.225670027
4908,1.226451212
4909,1.233846699
4910,1.247805197
4911,1.265539443
4912,1.28143141
4913,1.288595368
4914,1.2817123
4915,1.258989934
4916,1.221919782
4917,1.173744585
4918,1.118060524
4919,1.058056888
4920,0.9962827253
4921,0.9346977664
4922,0.874812254
4923,0.8177991038
4924,0.7645492207
4925,0.7156946285
4926,0.671623332
4927,0.632466487
4928,0.5980509503
4929,0.5678130128
4930,0.5407600259
4931,0.51559201
4932,0.4910591951
4933,0.4664355182
4934,0.441820322
4935,0.4180740053
4936,0.3965483478
4937,0.3789263626
4938,0.3673293329
4939,0.3646093707
4940,0.3745533739
4941,0.4014324032
4942,0.4481540287
4943,0.5133566468
4944,0.5902381808
4945,0.6693515184
4946,0.7428056823
4947,0.8061692718
4948,0.857989102
4949,0.8985958318
4950,0.929151521
4951,0.9510698654
4952,0.9656867882
4953,0.9740865519
4954,0.9770448767
4955,0.9750915129
4956,0.968655359
4957,0.9582269838
4958,0.9444698432
4959,0.9282769102
4960,0.9108172315
4961,0.8936187105
4962,0.8786971904
4963,0.8686597414
4964,0.8665825693
4965,0.8754022551
4966,0.8968303066
4967,0.9302475945
4968,0.9720775437
4969,1.016161319
4970,1.055751587
4971,1.086200503
4972,1.106162404
4973,1.116842206
4974,1.12061757
4975,1.120075911
4976,1.117584466
4977,1.115176464
4978,1.114533773
4979,1.11695095
4980,1.123256832
4981,1.133723554
4982,1.148028391
4983,1.165310612
4984,1.18434789
4985,1.203791698
4986,1.222338637
4987,1.238635364
4988,1.250769517
4989,1.255561512
4990,1.248714516
4991,1.227045089
4992,1.19128662
4993,1.14583553
4994,1.095997892
4995,1.046012682
4996,0.9986253868
4997,0.955329043
4998,0.9166765887
4999,0.8825023147